alpha,g,p_of_steps_on_target,number_of_alternations
0.01,0.01,100.0,0.0
0.01,0.06102564102564103,73.33333333333333,6.0
0.01,0.11205128205128205,86.66666666666667,6.0
0.01,0.1630769230769231,92.5,6.0
0.01,0.21410256410256412,92.5,6.0
0.01,0.2651282051282051,94.16666666666667,6.0
0.01,0.3161538461538462,95.0,6.0
0.01,0.36717948717948723,95.0,6.0
0.01,0.41820512820512823,91.66666666666666,16.0
0.01,0.46923076923076923,90.83333333333333,18.0
0.01,0.5202564102564102,96.66666666666667,4.0
0.01,0.5712820512820513,89.16666666666667,22.0
0.01,0.6223076923076923,87.5,26.0
0.01,0.6733333333333333,96.66666666666667,4.0
0.01,0.7243589743589745,97.5,2.0
0.01,0.7753846153846154,85.83333333333333,32.0
0.01,0.8264102564102564,82.5,40.0
0.01,0.8774358974358974,90.83333333333333,20.0
0.01,0.9284615384615384,98.33333333333333,2.0
0.01,0.9794871794871796,98.33333333333333,2.0
0.01,1.0305128205128204,75.0,58.0
0.01,1.0815384615384616,76.66666666666667,50.0
0.01,1.1325641025641027,74.16666666666667,46.0
0.01,1.1835897435897436,96.66666666666667,6.0
0.01,1.2346153846153847,75.83333333333333,42.0
0.01,1.2856410256410258,79.16666666666666,42.0
0.01,1.3366666666666667,82.5,32.0
0.01,1.3876923076923078,75.0,32.0
0.01,1.438717948717949,75.0,32.0
0.01,1.4897435897435898,75.0,32.0
0.01,1.540769230769231,86.66666666666667,26.0
0.01,1.5917948717948718,90.83333333333333,18.0
0.01,1.642820512820513,86.66666666666667,24.0
0.01,1.693846153846154,80.83333333333333,32.0
0.01,1.744871794871795,75.0,42.0
0.01,1.795897435897436,74.16666666666667,46.0
0.01,1.846923076923077,73.33333333333333,48.0
0.01,1.897948717948718,76.66666666666667,42.0
0.01,1.9489743589743591,77.5,42.0
0.01,2.0,79.16666666666666,42.0
0.06102564102564103,0.01,100.0,0.0
0.06102564102564103,0.06102564102564103,76.66666666666667,6.0
0.06102564102564103,0.11205128205128205,88.33333333333333,6.0
0.06102564102564103,0.1630769230769231,93.33333333333333,6.0
0.06102564102564103,0.21410256410256412,93.33333333333333,6.0
0.06102564102564103,0.2651282051282051,95.0,6.0
0.06102564102564103,0.3161538461538462,94.16666666666667,6.0
0.06102564102564103,0.36717948717948723,95.83333333333334,6.0
0.06102564102564103,0.41820512820512823,95.83333333333334,4.0
0.06102564102564103,0.46923076923076923,95.83333333333334,6.0
0.06102564102564103,0.5202564102564102,90.83333333333333,20.0
0.06102564102564103,0.5712820512820513,89.16666666666667,22.0
0.06102564102564103,0.6223076923076923,87.5,26.0
0.06102564102564103,0.6733333333333333,97.5,2.0
0.06102564102564103,0.7243589743589745,85.83333333333333,32.0
0.06102564102564103,0.7753846153846154,85.83333333333333,32.0
0.06102564102564103,0.8264102564102564,82.5,40.0
0.06102564102564103,0.8774358974358974,90.83333333333333,20.0
0.06102564102564103,0.9284615384615384,80.0,46.0
0.06102564102564103,0.9794871794871796,98.33333333333333,2.0
0.06102564102564103,1.0305128205128204,75.0,58.0
0.06102564102564103,1.0815384615384616,92.5,18.0
0.06102564102564103,1.1325641025641027,74.16666666666667,44.0
0.06102564102564103,1.1835897435897436,76.66666666666667,46.0
0.06102564102564103,1.2346153846153847,96.66666666666667,6.0
0.06102564102564103,1.2856410256410258,79.16666666666666,44.0
0.06102564102564103,1.3366666666666667,78.33333333333333,40.0
0.06102564102564103,1.3876923076923078,78.33333333333333,36.0
0.06102564102564103,1.438717948717949,75.0,32.0
0.06102564102564103,1.4897435897435898,75.0,32.0
0.06102564102564103,1.540769230769231,75.0,32.0
0.06102564102564103,1.5917948717948718,78.33333333333333,42.0
0.06102564102564103,1.642820512820513,76.66666666666667,42.0
0.06102564102564103,1.693846153846154,75.0,42.0
0.06102564102564103,1.744871794871795,75.0,44.0
0.06102564102564103,1.795897435897436,75.83333333333333,44.0
0.06102564102564103,1.846923076923077,77.5,44.0
0.06102564102564103,1.897948717948718,76.66666666666667,42.0
0.06102564102564103,1.9489743589743591,75.83333333333333,44.0
0.06102564102564103,2.0,80.83333333333333,34.0
0.11205128205128205,0.01,100.0,0.0
0.11205128205128205,0.06102564102564103,69.16666666666667,6.0
0.11205128205128205,0.11205128205128205,91.66666666666666,6.0
0.11205128205128205,0.1630769230769231,95.0,6.0
0.11205128205128205,0.21410256410256412,92.5,6.0
0.11205128205128205,0.2651282051282051,95.0,6.0
0.11205128205128205,0.3161538461538462,94.16666666666667,6.0
0.11205128205128205,0.36717948717948723,95.0,6.0
0.11205128205128205,0.41820512820512823,95.83333333333334,6.0
0.11205128205128205,0.46923076923076923,90.83333333333333,18.0
0.11205128205128205,0.5202564102564102,96.66666666666667,4.0
0.11205128205128205,0.5712820512820513,89.16666666666667,22.0
0.11205128205128205,0.6223076923076923,88.33333333333333,26.0
0.11205128205128205,0.6733333333333333,88.33333333333333,26.0
0.11205128205128205,0.7243589743589745,85.83333333333333,32.0
0.11205128205128205,0.7753846153846154,85.83333333333333,32.0
0.11205128205128205,0.8264102564102564,82.5,40.0
0.11205128205128205,0.8774358974358974,82.5,40.0
0.11205128205128205,0.9284615384615384,80.0,46.0
0.11205128205128205,0.9794871794871796,75.0,58.0
0.11205128205128205,1.0305128205128204,75.0,58.0
0.11205128205128205,1.0815384615384616,75.0,52.0
0.11205128205128205,1.1325641025641027,99.16666666666667,2.0
0.11205128205128205,1.1835897435897436,75.0,46.0
0.11205128205128205,1.2346153846153847,96.66666666666667,6.0
0.11205128205128205,1.2856410256410258,78.33333333333333,44.0
0.11205128205128205,1.3366666666666667,80.0,46.0
0.11205128205128205,1.3876923076923078,75.83333333333333,34.0
0.11205128205128205,1.438717948717949,75.0,32.0
0.11205128205128205,1.4897435897435898,75.0,32.0
0.11205128205128205,1.540769230769231,75.0,32.0
0.11205128205128205,1.5917948717948718,78.33333333333333,44.0
0.11205128205128205,1.642820512820513,78.33333333333333,44.0
0.11205128205128205,1.693846153846154,79.16666666666666,38.0
0.11205128205128205,1.744871794871795,75.0,42.0
0.11205128205128205,1.795897435897436,75.83333333333333,46.0
0.11205128205128205,1.846923076923077,77.5,44.0
0.11205128205128205,1.897948717948718,87.5,24.0
0.11205128205128205,1.9489743589743591,85.83333333333333,26.0
0.11205128205128205,2.0,79.16666666666666,40.0
0.1630769230769231,0.01,50.0,2.0
0.1630769230769231,0.06102564102564103,99.16666666666667,2.0
0.1630769230769231,0.11205128205128205,97.5,4.0
0.1630769230769231,0.1630769230769231,91.66666666666666,6.0
0.1630769230769231,0.21410256410256412,94.16666666666667,6.0
0.1630769230769231,0.2651282051282051,95.83333333333334,6.0
0.1630769230769231,0.3161538461538462,95.83333333333334,6.0
0.1630769230769231,0.36717948717948723,96.66666666666667,6.0
0.1630769230769231,0.41820512820512823,92.5,14.0
0.1630769230769231,0.46923076923076923,96.66666666666667,4.0
0.1630769230769231,0.5202564102564102,90.83333333333333,20.0
0.1630769230769231,0.5712820512820513,90.0,22.0
0.1630769230769231,0.6223076923076923,88.33333333333333,26.0
0.1630769230769231,0.6733333333333333,88.33333333333333,26.0
0.1630769230769231,0.7243589743589745,85.83333333333333,32.0
0.1630769230769231,0.7753846153846154,85.83333333333333,32.0
0.1630769230769231,0.8264102564102564,98.33333333333333,2.0
0.1630769230769231,0.8774358974358974,98.33333333333333,2.0
0.1630769230769231,0.9284615384615384,82.5,42.0
0.1630769230769231,0.9794871794871796,75.83333333333333,56.0
0.1630769230769231,1.0305128205128204,75.0,58.0
0.1630769230769231,1.0815384615384616,94.16666666666667,14.0
0.1630769230769231,1.1325641025641027,75.0,48.0
0.1630769230769231,1.1835897435897436,77.5,44.0
0.1630769230769231,1.2346153846153847,76.66666666666667,44.0
0.1630769230769231,1.2856410256410258,80.0,42.0
0.1630769230769231,1.3366666666666667,81.66666666666667,32.0
0.1630769230769231,1.3876923076923078,75.83333333333333,34.0
0.1630769230769231,1.438717948717949,75.83333333333333,34.0
0.1630769230769231,1.4897435897435898,75.0,32.0
0.1630769230769231,1.540769230769231,75.0,32.0
0.1630769230769231,1.5917948717948718,75.0,32.0
0.1630769230769231,1.642820512820513,76.66666666666667,38.0
0.1630769230769231,1.693846153846154,76.66666666666667,42.0
0.1630769230769231,1.744871794871795,72.5,50.0
0.1630769230769231,1.795897435897436,78.33333333333333,42.0
0.1630769230769231,1.846923076923077,76.66666666666667,42.0
0.1630769230769231,1.897948717948718,75.0,42.0
0.1630769230769231,1.9489743589743591,76.66666666666667,38.0
0.1630769230769231,2.0,75.83333333333333,42.0
0.21410256410256412,0.01,99.16666666666667,2.0
0.21410256410256412,0.06102564102564103,99.16666666666667,2.0
0.21410256410256412,0.11205128205128205,89.16666666666667,6.0
0.21410256410256412,0.1630769230769231,98.33333333333333,2.0
0.21410256410256412,0.21410256410256412,93.33333333333333,6.0
0.21410256410256412,0.2651282051282051,96.66666666666667,4.0
0.21410256410256412,0.3161538461538462,95.83333333333334,6.0
0.21410256410256412,0.36717948717948723,95.83333333333334,6.0
0.21410256410256412,0.41820512820512823,96.66666666666667,4.0
0.21410256410256412,0.46923076923076923,97.5,4.0
0.21410256410256412,0.5202564102564102,97.5,4.0
0.21410256410256412,0.5712820512820513,90.0,22.0
0.21410256410256412,0.6223076923076923,88.33333333333333,26.0
0.21410256410256412,0.6733333333333333,88.33333333333333,26.0
0.21410256410256412,0.7243589743589745,85.83333333333333,32.0
0.21410256410256412,0.7753846153846154,98.33333333333333,2.0
0.21410256410256412,0.8264102564102564,82.5,40.0
0.21410256410256412,0.8774358974358974,82.5,40.0
0.21410256410256412,0.9284615384615384,80.0,46.0
0.21410256410256412,0.9794871794871796,75.83333333333333,56.0
0.21410256410256412,1.0305128205128204,75.0,58.0
0.21410256410256412,1.0815384615384616,75.83333333333333,52.0
0.21410256410256412,1.1325641025641027,71.66666666666667,48.0
0.21410256410256412,1.1835897435897436,70.83333333333334,48.0
0.21410256410256412,1.2346153846153847,73.33333333333333,46.0
0.21410256410256412,1.2856410256410258,80.0,48.0
0.21410256410256412,1.3366666666666667,75.0,32.0
0.21410256410256412,1.3876923076923078,75.0,32.0
0.21410256410256412,1.438717948717949,75.0,32.0
0.21410256410256412,1.4897435897435898,75.0,32.0
0.21410256410256412,1.540769230769231,75.0,32.0
0.21410256410256412,1.5917948717948718,75.0,32.0
0.21410256410256412,1.642820512820513,75.0,38.0
0.21410256410256412,1.693846153846154,75.0,36.0
0.21410256410256412,1.744871794871795,77.5,38.0
0.21410256410256412,1.795897435897436,77.5,42.0
0.21410256410256412,1.846923076923077,78.33333333333333,38.0
0.21410256410256412,1.897948717948718,77.5,40.0
0.21410256410256412,1.9489743589743591,75.83333333333333,40.0
0.21410256410256412,2.0,80.83333333333333,38.0
0.2651282051282051,0.01,100.0,0.0
0.2651282051282051,0.06102564102564103,96.66666666666667,4.0
0.2651282051282051,0.11205128205128205,99.16666666666667,2.0
0.2651282051282051,0.1630769230769231,96.66666666666667,4.0
0.2651282051282051,0.21410256410256412,97.5,4.0
0.2651282051282051,0.2651282051282051,97.5,4.0
0.2651282051282051,0.3161538461538462,97.5,4.0
0.2651282051282051,0.36717948717948723,98.33333333333333,4.0
0.2651282051282051,0.41820512820512823,95.0,10.0
0.2651282051282051,0.46923076923076923,91.66666666666666,18.0
0.2651282051282051,0.5202564102564102,91.66666666666666,18.0
0.2651282051282051,0.5712820512820513,98.33333333333333,2.0
0.2651282051282051,0.6223076923076923,88.33333333333333,26.0
0.2651282051282051,0.6733333333333333,88.33333333333333,26.0
0.2651282051282051,0.7243589743589745,85.83333333333333,32.0
0.2651282051282051,0.7753846153846154,97.5,4.0
0.2651282051282051,0.8264102564102564,93.33333333333333,14.0
0.2651282051282051,0.8774358974358974,82.5,42.0
0.2651282051282051,0.9284615384615384,79.16666666666666,50.0
0.2651282051282051,0.9794871794871796,75.0,58.0
0.2651282051282051,1.0305128205128204,75.0,58.0
0.2651282051282051,1.0815384615384616,75.83333333333333,52.0
0.2651282051282051,1.1325641025641027,73.33333333333333,46.0
0.2651282051282051,1.1835897435897436,70.83333333333334,48.0
0.2651282051282051,1.2346153846153847,73.33333333333333,48.0
0.2651282051282051,1.2856410256410258,77.5,46.0
0.2651282051282051,1.3366666666666667,80.0,44.0
0.2651282051282051,1.3876923076923078,80.0,46.0
0.2651282051282051,1.438717948717949,79.16666666666666,46.0
0.2651282051282051,1.4897435897435898,79.16666666666666,42.0
0.2651282051282051,1.540769230769231,75.83333333333333,44.0
0.2651282051282051,1.5917948717948718,73.33333333333333,40.0
0.2651282051282051,1.642820512820513,72.5,42.0
0.2651282051282051,1.693846153846154,75.83333333333333,42.0
0.2651282051282051,1.744871794871795,75.83333333333333,44.0
0.2651282051282051,1.795897435897436,81.66666666666667,32.0
0.2651282051282051,1.846923076923077,78.33333333333333,40.0
0.2651282051282051,1.897948717948718,77.5,40.0
0.2651282051282051,1.9489743589743591,79.16666666666666,36.0
0.2651282051282051,2.0,78.33333333333333,40.0
0.3161538461538462,0.01,100.0,0.0
0.3161538461538462,0.06102564102564103,99.16666666666667,2.0
0.3161538461538462,0.11205128205128205,92.5,6.0
0.3161538461538462,0.1630769230769231,96.66666666666667,4.0
0.3161538461538462,0.21410256410256412,98.33333333333333,4.0
0.3161538461538462,0.2651282051282051,95.0,6.0
0.3161538461538462,0.3161538461538462,95.83333333333334,6.0
0.3161538461538462,0.36717948717948723,97.5,4.0
0.3161538461538462,0.41820512820512823,96.66666666666667,4.0
0.3161538461538462,0.46923076923076923,91.66666666666666,18.0
0.3161538461538462,0.5202564102564102,95.0,10.0
0.3161538461538462,0.5712820512820513,97.5,4.0
0.3161538461538462,0.6223076923076923,88.33333333333333,26.0
0.3161538461538462,0.6733333333333333,88.33333333333333,26.0
0.3161538461538462,0.7243589743589745,85.83333333333333,32.0
0.3161538461538462,0.7753846153846154,85.83333333333333,32.0
0.3161538461538462,0.8264102564102564,98.33333333333333,2.0
0.3161538461538462,0.8774358974358974,92.5,16.0
0.3161538461538462,0.9284615384615384,98.33333333333333,2.0
0.3161538461538462,0.9794871794871796,75.0,58.0
0.3161538461538462,1.0305128205128204,97.5,6.0
0.3161538461538462,1.0815384615384616,75.0,52.0
0.3161538461538462,1.1325641025641027,71.66666666666667,50.0
0.3161538461538462,1.1835897435897436,70.83333333333334,48.0
0.3161538461538462,1.2346153846153847,77.5,48.0
0.3161538461538462,1.2856410256410258,76.66666666666667,42.0
0.3161538461538462,1.3366666666666667,79.16666666666666,44.0
0.3161538461538462,1.3876923076923078,77.5,44.0
0.3161538461538462,1.438717948717949,80.83333333333333,46.0
0.3161538461538462,1.4897435897435898,77.5,48.0
0.3161538461538462,1.540769230769231,75.83333333333333,42.0
0.3161538461538462,1.5917948717948718,76.66666666666667,40.0
0.3161538461538462,1.642820512820513,70.0,46.0
0.3161538461538462,1.693846153846154,70.83333333333334,48.0
0.3161538461538462,1.744871794871795,75.83333333333333,44.0
0.3161538461538462,1.795897435897436,80.0,38.0
0.3161538461538462,1.846923076923077,80.0,38.0
0.3161538461538462,1.897948717948718,79.16666666666666,38.0
0.3161538461538462,1.9489743589743591,78.33333333333333,40.0
0.3161538461538462,2.0,77.5,40.0
0.36717948717948723,0.01,100.0,0.0
0.36717948717948723,0.06102564102564103,98.33333333333333,2.0
0.36717948717948723,0.11205128205128205,95.0,4.0
0.36717948717948723,0.1630769230769231,96.66666666666667,4.0
0.36717948717948723,0.21410256410256412,96.66666666666667,4.0
0.36717948717948723,0.2651282051282051,96.66666666666667,4.0
0.36717948717948723,0.3161538461538462,98.33333333333333,2.0
0.36717948717948723,0.36717948717948723,96.66666666666667,4.0
0.36717948717948723,0.41820512820512823,96.66666666666667,4.0
0.36717948717948723,0.46923076923076923,96.66666666666667,4.0
0.36717948717948723,0.5202564102564102,97.5,4.0
0.36717948717948723,0.5712820512820513,90.0,22.0
0.36717948717948723,0.6223076923076923,88.33333333333333,28.0
0.36717948717948723,0.6733333333333333,88.33333333333333,26.0
0.36717948717948723,0.7243589743589745,85.0,34.0
0.36717948717948723,0.7753846153846154,97.5,4.0
0.36717948717948723,0.8264102564102564,82.5,40.0
0.36717948717948723,0.8774358974358974,82.5,40.0
0.36717948717948723,0.9284615384615384,79.16666666666666,48.0
0.36717948717948723,0.9794871794871796,75.0,58.0
0.36717948717948723,1.0305128205128204,87.5,28.0
0.36717948717948723,1.0815384615384616,75.0,50.0
0.36717948717948723,1.1325641025641027,71.66666666666667,48.0
0.36717948717948723,1.1835897435897436,70.83333333333334,48.0
0.36717948717948723,1.2346153846153847,76.66666666666667,46.0
0.36717948717948723,1.2856410256410258,76.66666666666667,48.0
0.36717948717948723,1.3366666666666667,76.66666666666667,36.0
0.36717948717948723,1.3876923076923078,91.66666666666666,14.0
0.36717948717948723,1.438717948717949,79.16666666666666,48.0
0.36717948717948723,1.4897435897435898,77.5,48.0
0.36717948717948723,1.540769230769231,77.5,44.0
0.36717948717948723,1.5917948717948718,75.83333333333333,42.0
0.36717948717948723,1.642820512820513,80.0,40.0
0.36717948717948723,1.693846153846154,74.16666666666667,44.0
0.36717948717948723,1.744871794871795,73.33333333333333,44.0
0.36717948717948723,1.795897435897436,76.66666666666667,42.0
0.36717948717948723,1.846923076923077,78.33333333333333,40.0
0.36717948717948723,1.897948717948718,78.33333333333333,40.0
0.36717948717948723,1.9489743589743591,78.33333333333333,40.0
0.36717948717948723,2.0,80.0,38.0
0.41820512820512823,0.01,100.0,0.0
0.41820512820512823,0.06102564102564103,95.83333333333334,4.0
0.41820512820512823,0.11205128205128205,95.83333333333334,4.0
0.41820512820512823,0.1630769230769231,97.5,4.0
0.41820512820512823,0.21410256410256412,98.33333333333333,2.0
0.41820512820512823,0.2651282051282051,96.66666666666667,4.0
0.41820512820512823,0.3161538461538462,97.5,6.0
0.41820512820512823,0.36717948717948723,96.66666666666667,6.0
0.41820512820512823,0.41820512820512823,96.66666666666667,4.0
0.41820512820512823,0.46923076923076923,90.83333333333333,20.0
0.41820512820512823,0.5202564102564102,90.83333333333333,20.0
0.41820512820512823,0.5712820512820513,90.0,22.0
0.41820512820512823,0.6223076923076923,88.33333333333333,26.0
0.41820512820512823,0.6733333333333333,88.33333333333333,26.0
0.41820512820512823,0.7243589743589745,85.83333333333333,32.0
0.41820512820512823,0.7753846153846154,85.83333333333333,32.0
0.41820512820512823,0.8264102564102564,98.33333333333333,2.0
0.41820512820512823,0.8774358974358974,82.5,40.0
0.41820512820512823,0.9284615384615384,98.33333333333333,2.0
0.41820512820512823,0.9794871794871796,75.83333333333333,56.0
0.41820512820512823,1.0305128205128204,89.16666666666667,24.0
0.41820512820512823,1.0815384615384616,74.16666666666667,50.0
0.41820512820512823,1.1325641025641027,74.16666666666667,50.0
0.41820512820512823,1.1835897435897436,70.83333333333334,48.0
0.41820512820512823,1.2346153846153847,83.33333333333334,30.0
0.41820512820512823,1.2856410256410258,76.66666666666667,44.0
0.41820512820512823,1.3366666666666667,78.33333333333333,42.0
0.41820512820512823,1.3876923076923078,80.0,46.0
0.41820512820512823,1.438717948717949,79.16666666666666,48.0
0.41820512820512823,1.4897435897435898,77.5,46.0
0.41820512820512823,1.540769230769231,75.0,32.0
0.41820512820512823,1.5917948717948718,80.0,38.0
0.41820512820512823,1.642820512820513,75.0,40.0
0.41820512820512823,1.693846153846154,77.5,40.0
0.41820512820512823,1.744871794871795,71.66666666666667,48.0
0.41820512820512823,1.795897435897436,73.33333333333333,46.0
0.41820512820512823,1.846923076923077,77.5,42.0
0.41820512820512823,1.897948717948718,77.5,42.0
0.41820512820512823,1.9489743589743591,76.66666666666667,42.0
0.41820512820512823,2.0,77.5,42.0
0.46923076923076923,0.01,100.0,0.0
0.46923076923076923,0.06102564102564103,98.33333333333333,2.0
0.46923076923076923,0.11205128205128205,96.66666666666667,2.0
0.46923076923076923,0.1630769230769231,98.33333333333333,2.0
0.46923076923076923,0.21410256410256412,97.5,4.0
0.46923076923076923,0.2651282051282051,97.5,2.0
0.46923076923076923,0.3161538461538462,97.5,2.0
0.46923076923076923,0.36717948717948723,92.5,14.0
0.46923076923076923,0.41820512820512823,92.5,14.0
0.46923076923076923,0.46923076923076923,97.5,4.0
0.46923076923076923,0.5202564102564102,90.0,22.0
0.46923076923076923,0.5712820512820513,93.33333333333333,14.0
0.46923076923076923,0.6223076923076923,89.16666666666667,24.0
0.46923076923076923,0.6733333333333333,88.33333333333333,26.0
0.46923076923076923,0.7243589743589745,85.83333333333333,32.0
0.46923076923076923,0.7753846153846154,98.33333333333333,2.0
0.46923076923076923,0.8264102564102564,98.33333333333333,2.0
0.46923076923076923,0.8774358974358974,98.33333333333333,2.0
0.46923076923076923,0.9284615384615384,92.5,16.0
0.46923076923076923,0.9794871794871796,75.0,58.0
0.46923076923076923,1.0305128205128204,75.83333333333333,58.0
0.46923076923076923,1.0815384615384616,77.5,48.0
0.46923076923076923,1.1325641025641027,79.16666666666666,42.0
0.46923076923076923,1.1835897435897436,70.83333333333334,48.0
0.46923076923076923,1.2346153846153847,77.5,42.0
0.46923076923076923,1.2856410256410258,80.0,46.0
0.46923076923076923,1.3366666666666667,79.16666666666666,38.0
0.46923076923076923,1.3876923076923078,80.83333333333333,44.0
0.46923076923076923,1.438717948717949,79.16666666666666,48.0
0.46923076923076923,1.4897435897435898,78.33333333333333,44.0
0.46923076923076923,1.540769230769231,75.0,32.0
0.46923076923076923,1.5917948717948718,75.0,32.0
0.46923076923076923,1.642820512820513,75.0,40.0
0.46923076923076923,1.693846153846154,70.83333333333334,48.0
0.46923076923076923,1.744871794871795,75.0,36.0
0.46923076923076923,1.795897435897436,75.83333333333333,34.0
0.46923076923076923,1.846923076923077,80.0,38.0
0.46923076923076923,1.897948717948718,79.16666666666666,38.0
0.46923076923076923,1.9489743589743591,79.16666666666666,38.0
0.46923076923076923,2.0,80.0,40.0
0.5202564102564102,0.01,99.16666666666667,2.0
0.5202564102564102,0.06102564102564103,96.66666666666667,2.0
0.5202564102564102,0.11205128205128205,98.33333333333333,2.0
0.5202564102564102,0.1630769230769231,97.5,2.0
0.5202564102564102,0.21410256410256412,98.33333333333333,2.0
0.5202564102564102,0.2651282051282051,98.33333333333333,4.0
0.5202564102564102,0.3161538461538462,97.5,2.0
0.5202564102564102,0.36717948717948723,94.16666666666667,10.0
0.5202564102564102,0.41820512820512823,97.5,4.0
0.5202564102564102,0.46923076923076923,91.66666666666666,18.0
0.5202564102564102,0.5202564102564102,97.5,4.0
0.5202564102564102,0.5712820512820513,90.0,22.0
0.5202564102564102,0.6223076923076923,88.33333333333333,26.0
0.5202564102564102,0.6733333333333333,89.16666666666667,24.0
0.5202564102564102,0.7243589743589745,86.66666666666667,30.0
0.5202564102564102,0.7753846153846154,98.33333333333333,2.0
0.5202564102564102,0.8264102564102564,98.33333333333333,2.0
0.5202564102564102,0.8774358974358974,83.33333333333334,38.0
0.5202564102564102,0.9284615384615384,80.0,46.0
0.5202564102564102,0.9794871794871796,75.83333333333333,56.0
0.5202564102564102,1.0305128205128204,75.83333333333333,56.0
0.5202564102564102,1.0815384615384616,75.83333333333333,52.0
0.5202564102564102,1.1325641025641027,71.66666666666667,48.0
0.5202564102564102,1.1835897435897436,74.16666666666667,46.0
0.5202564102564102,1.2346153846153847,79.16666666666666,40.0
0.5202564102564102,1.2856410256410258,80.83333333333333,44.0
0.5202564102564102,1.3366666666666667,76.66666666666667,32.0
0.5202564102564102,1.3876923076923078,80.0,44.0
0.5202564102564102,1.438717948717949,79.16666666666666,48.0
0.5202564102564102,1.4897435897435898,80.83333333333333,42.0
0.5202564102564102,1.540769230769231,85.83333333333333,32.0
0.5202564102564102,1.5917948717948718,75.0,32.0
0.5202564102564102,1.642820512820513,85.0,32.0
0.5202564102564102,1.693846153846154,76.66666666666667,42.0
0.5202564102564102,1.744871794871795,86.66666666666667,26.0
0.5202564102564102,1.795897435897436,82.5,32.0
0.5202564102564102,1.846923076923077,81.66666666666667,34.0
0.5202564102564102,1.897948717948718,80.0,38.0
0.5202564102564102,1.9489743589743591,79.16666666666666,38.0
0.5202564102564102,2.0,81.66666666666667,36.0
0.5712820512820513,0.01,100.0,0.0
0.5712820512820513,0.06102564102564103,98.33333333333333,2.0
0.5712820512820513,0.11205128205128205,97.5,2.0
0.5712820512820513,0.1630769230769231,98.33333333333333,2.0
0.5712820512820513,0.21410256410256412,99.16666666666667,2.0
0.5712820512820513,0.2651282051282051,97.5,2.0
0.5712820512820513,0.3161538461538462,98.33333333333333,2.0
0.5712820512820513,0.36717948717948723,93.33333333333333,12.0
0.5712820512820513,0.41820512820512823,98.33333333333333,2.0
0.5712820512820513,0.46923076923076923,90.83333333333333,18.0
0.5712820512820513,0.5202564102564102,90.0,20.0
0.5712820512820513,0.5712820512820513,90.83333333333333,20.0
0.5712820512820513,0.6223076923076923,87.5,28.0
0.5712820512820513,0.6733333333333333,89.16666666666667,24.0
0.5712820512820513,0.7243589743589745,86.66666666666667,30.0
0.5712820512820513,0.7753846153846154,98.33333333333333,2.0
0.5712820512820513,0.8264102564102564,82.5,40.0
0.5712820512820513,0.8774358974358974,83.33333333333334,38.0
0.5712820512820513,0.9284615384615384,80.0,46.0
0.5712820512820513,0.9794871794871796,80.83333333333333,46.0
0.5712820512820513,1.0305128205128204,75.83333333333333,56.0
0.5712820512820513,1.0815384615384616,76.66666666666667,50.0
0.5712820512820513,1.1325641025641027,74.16666666666667,46.0
0.5712820512820513,1.1835897435897436,85.0,34.0
0.5712820512820513,1.2346153846153847,75.83333333333333,44.0
0.5712820512820513,1.2856410256410258,80.83333333333333,44.0
0.5712820512820513,1.3366666666666667,78.33333333333333,42.0
0.5712820512820513,1.3876923076923078,80.0,44.0
0.5712820512820513,1.438717948717949,85.83333333333333,30.0
0.5712820512820513,1.4897435897435898,85.0,34.0
0.5712820512820513,1.540769230769231,85.83333333333333,32.0
0.5712820512820513,1.5917948717948718,85.0,32.0
0.5712820512820513,1.642820512820513,83.33333333333334,34.0
0.5712820512820513,1.693846153846154,85.0,32.0
0.5712820512820513,1.744871794871795,82.5,36.0
0.5712820512820513,1.795897435897436,82.5,32.0
0.5712820512820513,1.846923076923077,81.66666666666667,34.0
0.5712820512820513,1.897948717948718,82.5,34.0
0.5712820512820513,1.9489743589743591,80.0,36.0
0.5712820512820513,2.0,95.83333333333334,8.0
0.6223076923076923,0.01,100.0,0.0
0.6223076923076923,0.06102564102564103,98.33333333333333,2.0
0.6223076923076923,0.11205128205128205,98.33333333333333,2.0
0.6223076923076923,0.1630769230769231,96.66666666666667,4.0
0.6223076923076923,0.21410256410256412,98.33333333333333,2.0
0.6223076923076923,0.2651282051282051,98.33333333333333,2.0
0.6223076923076923,0.3161538461538462,93.33333333333333,12.0
0.6223076923076923,0.36717948717948723,91.66666666666666,16.0
0.6223076923076923,0.41820512820512823,90.83333333333333,18.0
0.6223076923076923,0.46923076923076923,98.33333333333333,2.0
0.6223076923076923,0.5202564102564102,98.33333333333333,2.0
0.6223076923076923,0.5712820512820513,89.16666666666667,24.0
0.6223076923076923,0.6223076923076923,89.16666666666667,24.0
0.6223076923076923,0.6733333333333333,84.16666666666667,36.0
0.6223076923076923,0.7243589743589745,86.66666666666667,30.0
0.6223076923076923,0.7753846153846154,85.0,34.0
0.6223076923076923,0.8264102564102564,98.33333333333333,2.0
0.6223076923076923,0.8774358974358974,83.33333333333334,38.0
0.6223076923076923,0.9284615384615384,79.16666666666666,48.0
0.6223076923076923,0.9794871794871796,75.0,60.0
0.6223076923076923,1.0305128205128204,76.66666666666667,56.0
0.6223076923076923,1.0815384615384616,77.5,50.0
0.6223076923076923,1.1325641025641027,73.33333333333333,46.0
0.6223076923076923,1.1835897435897436,86.66666666666667,32.0
0.6223076923076923,1.2346153846153847,81.66666666666667,32.0
0.6223076923076923,1.2856410256410258,77.5,40.0
0.6223076923076923,1.3366666666666667,77.5,42.0
0.6223076923076923,1.3876923076923078,80.0,42.0
0.6223076923076923,1.438717948717949,80.0,38.0
0.6223076923076923,1.4897435897435898,85.0,34.0
0.6223076923076923,1.540769230769231,85.83333333333333,32.0
0.6223076923076923,1.5917948717948718,85.83333333333333,32.0
0.6223076923076923,1.642820512820513,85.83333333333333,32.0
0.6223076923076923,1.693846153846154,85.0,32.0
0.6223076923076923,1.744871794871795,82.5,34.0
0.6223076923076923,1.795897435897436,85.83333333333333,32.0
0.6223076923076923,1.846923076923077,82.5,34.0
0.6223076923076923,1.897948717948718,80.83333333333333,34.0
0.6223076923076923,1.9489743589743591,80.0,36.0
0.6223076923076923,2.0,81.66666666666667,34.0
0.6733333333333333,0.01,100.0,0.0
0.6733333333333333,0.06102564102564103,96.66666666666667,2.0
0.6733333333333333,0.11205128205128205,97.5,2.0
0.6733333333333333,0.1630769230769231,97.5,2.0
0.6733333333333333,0.21410256410256412,97.5,2.0
0.6733333333333333,0.2651282051282051,97.5,2.0
0.6733333333333333,0.3161538461538462,98.33333333333333,2.0
0.6733333333333333,0.36717948717948723,98.33333333333333,2.0
0.6733333333333333,0.41820512820512823,96.66666666666667,6.0
0.6733333333333333,0.46923076923076923,98.33333333333333,2.0
0.6733333333333333,0.5202564102564102,89.16666666666667,24.0
0.6733333333333333,0.5712820512820513,89.16666666666667,24.0
0.6733333333333333,0.6223076923076923,89.16666666666667,24.0
0.6733333333333333,0.6733333333333333,85.83333333333333,32.0
0.6733333333333333,0.7243589743589745,85.0,34.0
0.6733333333333333,0.7753846153846154,83.33333333333334,38.0
0.6733333333333333,0.8264102564102564,83.33333333333334,38.0
0.6733333333333333,0.8774358974358974,83.33333333333334,38.0
0.6733333333333333,0.9284615384615384,80.0,46.0
0.6733333333333333,0.9794871794871796,75.83333333333333,56.0
0.6733333333333333,1.0305128205128204,76.66666666666667,54.0
0.6733333333333333,1.0815384615384616,83.33333333333334,34.0
0.6733333333333333,1.1325641025641027,77.5,42.0
0.6733333333333333,1.1835897435897436,70.83333333333334,48.0
0.6733333333333333,1.2346153846153847,78.33333333333333,42.0
0.6733333333333333,1.2856410256410258,82.5,40.0
0.6733333333333333,1.3366666666666667,80.83333333333333,40.0
0.6733333333333333,1.3876923076923078,80.83333333333333,40.0
0.6733333333333333,1.438717948717949,80.83333333333333,40.0
0.6733333333333333,1.4897435897435898,81.66666666666667,38.0
0.6733333333333333,1.540769230769231,85.83333333333333,32.0
0.6733333333333333,1.5917948717948718,85.83333333333333,32.0
0.6733333333333333,1.642820512820513,85.83333333333333,32.0
0.6733333333333333,1.693846153846154,85.0,32.0
0.6733333333333333,1.744871794871795,85.83333333333333,32.0
0.6733333333333333,1.795897435897436,85.0,34.0
0.6733333333333333,1.846923076923077,85.0,34.0
0.6733333333333333,1.897948717948718,84.16666666666667,34.0
0.6733333333333333,1.9489743589743591,80.83333333333333,34.0
0.6733333333333333,2.0,81.66666666666667,34.0
0.7243589743589745,0.01,100.0,0.0
0.7243589743589745,0.06102564102564103,97.5,2.0
0.7243589743589745,0.11205128205128205,97.5,4.0
0.7243589743589745,0.1630769230769231,97.5,2.0
0.7243589743589745,0.21410256410256412,97.5,2.0
0.7243589743589745,0.2651282051282051,98.33333333333333,2.0
0.7243589743589745,0.3161538461538462,98.33333333333333,2.0
0.7243589743589745,0.36717948717948723,92.5,14.0
0.7243589743589745,0.41820512820512823,90.83333333333333,18.0
0.7243589743589745,0.46923076923076923,94.16666666666667,12.0
0.7243589743589745,0.5202564102564102,90.83333333333333,20.0
0.7243589743589745,0.5712820512820513,90.0,22.0
0.7243589743589745,0.6223076923076923,95.83333333333334,8.0
0.7243589743589745,0.6733333333333333,86.66666666666667,30.0
0.7243589743589745,0.7243589743589745,86.66666666666667,30.0
0.7243589743589745,0.7753846153846154,83.33333333333334,38.0
0.7243589743589745,0.8264102564102564,97.5,4.0
0.7243589743589745,0.8774358974358974,83.33333333333334,38.0
0.7243589743589745,0.9284615384615384,80.0,46.0
0.7243589743589745,0.9794871794871796,75.0,58.0
0.7243589743589745,1.0305128205128204,75.0,58.0
0.7243589743589745,1.0815384615384616,71.66666666666667,48.0
0.7243589743589745,1.1325641025641027,78.33333333333333,44.0
0.7243589743589745,1.1835897435897436,70.83333333333334,48.0
0.7243589743589745,1.2346153846153847,79.16666666666666,40.0
0.7243589743589745,1.2856410256410258,82.5,38.0
0.7243589743589745,1.3366666666666667,82.5,38.0
0.7243589743589745,1.3876923076923078,77.5,40.0
0.7243589743589745,1.438717948717949,80.83333333333333,38.0
0.7243589743589745,1.4897435897435898,80.83333333333333,36.0
0.7243589743589745,1.540769230769231,85.83333333333333,32.0
0.7243589743589745,1.5917948717948718,85.83333333333333,32.0
0.7243589743589745,1.642820512820513,85.83333333333333,32.0
0.7243589743589745,1.693846153846154,85.83333333333333,32.0
0.7243589743589745,1.744871794871795,85.0,32.0
0.7243589743589745,1.795897435897436,85.0,34.0
0.7243589743589745,1.846923076923077,85.0,34.0
0.7243589743589745,1.897948717948718,85.83333333333333,34.0
0.7243589743589745,1.9489743589743591,83.33333333333334,34.0
0.7243589743589745,2.0,93.33333333333333,14.0
0.7753846153846154,0.01,100.0,0.0
0.7753846153846154,0.06102564102564103,96.66666666666667,2.0
0.7753846153846154,0.11205128205128205,97.5,2.0
0.7753846153846154,0.1630769230769231,97.5,2.0
0.7753846153846154,0.21410256410256412,97.5,2.0
0.7753846153846154,0.2651282051282051,98.33333333333333,2.0
0.7753846153846154,0.3161538461538462,95.83333333333334,6.0
0.7753846153846154,0.36717948717948723,98.33333333333333,2.0
0.7753846153846154,0.41820512820512823,93.33333333333333,14.0
0.7753846153846154,0.46923076923076923,98.33333333333333,2.0
0.7753846153846154,0.5202564102564102,90.0,22.0
0.7753846153846154,0.5712820512820513,88.33333333333333,26.0
0.7753846153846154,0.6223076923076923,88.33333333333333,26.0
0.7753846153846154,0.6733333333333333,96.66666666666667,6.0
0.7753846153846154,0.7243589743589745,86.66666666666667,30.0
0.7753846153846154,0.7753846153846154,84.16666666666667,36.0
0.7753846153846154,0.8264102564102564,89.16666666666667,24.0
0.7753846153846154,0.8774358974358974,83.33333333333334,38.0
0.7753846153846154,0.9284615384615384,80.0,46.0
0.7753846153846154,0.9794871794871796,81.66666666666667,42.0
0.7753846153846154,1.0305128205128204,75.0,58.0
0.7753846153846154,1.0815384615384616,74.16666666666667,46.0
0.7753846153846154,1.1325641025641027,76.66666666666667,44.0
0.7753846153846154,1.1835897435897436,78.33333333333333,42.0
0.7753846153846154,1.2346153846153847,82.5,38.0
0.7753846153846154,1.2856410256410258,70.83333333333334,42.0
0.7753846153846154,1.3366666666666667,82.5,38.0
0.7753846153846154,1.3876923076923078,76.66666666666667,38.0
0.7753846153846154,1.438717948717949,80.0,40.0
0.7753846153846154,1.4897435897435898,82.5,36.0
0.7753846153846154,1.540769230769231,86.66666666666667,32.0
0.7753846153846154,1.5917948717948718,85.83333333333333,32.0
0.7753846153846154,1.642820512820513,85.83333333333333,32.0
0.7753846153846154,1.693846153846154,85.0,32.0
0.7753846153846154,1.744871794871795,85.83333333333333,32.0
0.7753846153846154,1.795897435897436,79.16666666666666,36.0
0.7753846153846154,1.846923076923077,85.0,34.0
0.7753846153846154,1.897948717948718,85.0,34.0
0.7753846153846154,1.9489743589743591,85.83333333333333,32.0
0.7753846153846154,2.0,85.0,32.0
0.8264102564102564,0.01,100.0,0.0
0.8264102564102564,0.06102564102564103,97.5,2.0
0.8264102564102564,0.11205128205128205,97.5,2.0
0.8264102564102564,0.1630769230769231,98.33333333333333,2.0
0.8264102564102564,0.21410256410256412,98.33333333333333,2.0
0.8264102564102564,0.2651282051282051,98.33333333333333,2.0
0.8264102564102564,0.3161538461538462,96.66666666666667,6.0
0.8264102564102564,0.36717948717948723,90.83333333333333,18.0
0.8264102564102564,0.41820512820512823,98.33333333333333,2.0
0.8264102564102564,0.46923076923076923,98.33333333333333,2.0
0.8264102564102564,0.5202564102564102,90.0,22.0
0.8264102564102564,0.5712820512820513,90.0,22.0
0.8264102564102564,0.6223076923076923,88.33333333333333,26.0
0.8264102564102564,0.6733333333333333,87.5,28.0
0.8264102564102564,0.7243589743589745,90.83333333333333,20.0
0.8264102564102564,0.7753846153846154,86.66666666666667,30.0
0.8264102564102564,0.8264102564102564,83.33333333333334,38.0
0.8264102564102564,0.8774358974358974,83.33333333333334,38.0
0.8264102564102564,0.9284615384615384,86.66666666666667,30.0
0.8264102564102564,0.9794871794871796,92.5,16.0
0.8264102564102564,1.0305128205128204,79.16666666666666,48.0
0.8264102564102564,1.0815384615384616,73.33333333333333,48.0
0.8264102564102564,1.1325641025641027,80.0,42.0
0.8264102564102564,1.1835897435897436,79.16666666666666,40.0
0.8264102564102564,1.2346153846153847,82.5,38.0
0.8264102564102564,1.2856410256410258,79.16666666666666,36.0
0.8264102564102564,1.3366666666666667,77.5,40.0
0.8264102564102564,1.3876923076923078,75.83333333333333,38.0
0.8264102564102564,1.438717948717949,82.5,40.0
0.8264102564102564,1.4897435897435898,82.5,34.0
0.8264102564102564,1.540769230769231,86.66666666666667,32.0
0.8264102564102564,1.5917948717948718,86.66666666666667,32.0
0.8264102564102564,1.642820512820513,85.83333333333333,32.0
0.8264102564102564,1.693846153846154,85.83333333333333,32.0
0.8264102564102564,1.744871794871795,85.83333333333333,32.0
0.8264102564102564,1.795897435897436,85.83333333333333,32.0
0.8264102564102564,1.846923076923077,85.0,34.0
0.8264102564102564,1.897948717948718,84.16666666666667,34.0
0.8264102564102564,1.9489743589743591,84.16666666666667,34.0
0.8264102564102564,2.0,82.5,40.0
0.8774358974358974,0.01,99.16666666666667,2.0
0.8774358974358974,0.06102564102564103,99.16666666666667,2.0
0.8774358974358974,0.11205128205128205,96.66666666666667,4.0
0.8774358974358974,0.1630769230769231,97.5,2.0
0.8774358974358974,0.21410256410256412,98.33333333333333,2.0
0.8774358974358974,0.2651282051282051,98.33333333333333,2.0
0.8774358974358974,0.3161538461538462,98.33333333333333,2.0
0.8774358974358974,0.36717948717948723,96.66666666666667,6.0
0.8774358974358974,0.41820512820512823,96.66666666666667,6.0
0.8774358974358974,0.46923076923076923,98.33333333333333,2.0
0.8774358974358974,0.5202564102564102,88.33333333333333,26.0
0.8774358974358974,0.5712820512820513,96.66666666666667,6.0
0.8774358974358974,0.6223076923076923,90.0,22.0
0.8774358974358974,0.6733333333333333,86.66666666666667,30.0
0.8774358974358974,0.7243589743589745,83.33333333333334,38.0
0.8774358974358974,0.7753846153846154,86.66666666666667,30.0
0.8774358974358974,0.8264102564102564,83.33333333333334,38.0
0.8774358974358974,0.8774358974358974,83.33333333333334,38.0
0.8774358974358974,0.9284615384615384,87.5,30.0
0.8774358974358974,0.9794871794871796,75.0,58.0
0.8774358974358974,1.0305128205128204,79.16666666666666,48.0
0.8774358974358974,1.0815384615384616,81.66666666666667,34.0
0.8774358974358974,1.1325641025641027,85.83333333333333,24.0
0.8774358974358974,1.1835897435897436,79.16666666666666,40.0
0.8774358974358974,1.2346153846153847,82.5,38.0
0.8774358974358974,1.2856410256410258,80.0,38.0
0.8774358974358974,1.3366666666666667,79.16666666666666,40.0
0.8774358974358974,1.3876923076923078,80.83333333333333,38.0
0.8774358974358974,1.438717948717949,82.5,40.0
0.8774358974358974,1.4897435897435898,83.33333333333334,36.0
0.8774358974358974,1.540769230769231,85.0,32.0
0.8774358974358974,1.5917948717948718,85.83333333333333,32.0
0.8774358974358974,1.642820512820513,85.83333333333333,32.0
0.8774358974358974,1.693846153846154,85.83333333333333,32.0
0.8774358974358974,1.744871794871795,85.83333333333333,32.0
0.8774358974358974,1.795897435897436,85.0,32.0
0.8774358974358974,1.846923076923077,87.5,30.0
0.8774358974358974,1.897948717948718,85.0,34.0
0.8774358974358974,1.9489743589743591,84.16666666666667,34.0
0.8774358974358974,2.0,83.33333333333334,34.0
0.9284615384615384,0.01,99.16666666666667,2.0
0.9284615384615384,0.06102564102564103,96.66666666666667,2.0
0.9284615384615384,0.11205128205128205,97.5,2.0
0.9284615384615384,0.1630769230769231,97.5,2.0
0.9284615384615384,0.21410256410256412,98.33333333333333,2.0
0.9284615384615384,0.2651282051282051,98.33333333333333,2.0
0.9284615384615384,0.3161538461538462,97.5,2.0
0.9284615384615384,0.36717948717948723,96.66666666666667,6.0
0.9284615384615384,0.41820512820512823,98.33333333333333,2.0
0.9284615384615384,0.46923076923076923,98.33333333333333,2.0
0.9284615384615384,0.5202564102564102,98.33333333333333,2.0
0.9284615384615384,0.5712820512820513,95.0,10.0
0.9284615384615384,0.6223076923076923,88.33333333333333,26.0
0.9284615384615384,0.6733333333333333,88.33333333333333,26.0
0.9284615384615384,0.7243589743589745,85.83333333333333,32.0
0.9284615384615384,0.7753846153846154,86.66666666666667,30.0
0.9284615384615384,0.8264102564102564,85.0,34.0
0.9284615384615384,0.8774358974358974,85.83333333333333,32.0
0.9284615384615384,0.9284615384615384,85.83333333333333,32.0
0.9284615384615384,0.9794871794871796,81.66666666666667,42.0
0.9284615384615384,1.0305128205128204,78.33333333333333,48.0
0.9284615384615384,1.0815384615384616,75.0,44.0
0.9284615384615384,1.1325641025641027,79.16666666666666,42.0
0.9284615384615384,1.1835897435897436,79.16666666666666,42.0
0.9284615384615384,1.2346153846153847,80.0,40.0
0.9284615384615384,1.2856410256410258,80.0,38.0
0.9284615384615384,1.3366666666666667,75.0,40.0
0.9284615384615384,1.3876923076923078,78.33333333333333,42.0
0.9284615384615384,1.438717948717949,82.5,40.0
0.9284615384615384,1.4897435897435898,92.5,16.0
0.9284615384615384,1.540769230769231,81.66666666666667,34.0
0.9284615384615384,1.5917948717948718,85.83333333333333,32.0
0.9284615384615384,1.642820512820513,85.83333333333333,32.0
0.9284615384615384,1.693846153846154,85.83333333333333,32.0
0.9284615384615384,1.744871794871795,85.83333333333333,32.0
0.9284615384615384,1.795897435897436,85.83333333333333,32.0
0.9284615384615384,1.846923076923077,85.0,34.0
0.9284615384615384,1.897948717948718,85.0,34.0
0.9284615384615384,1.9489743589743591,84.16666666666667,34.0
0.9284615384615384,2.0,85.83333333333333,32.0
0.9794871794871796,0.01,100.0,0.0
0.9794871794871796,0.06102564102564103,96.66666666666667,2.0
0.9794871794871796,0.11205128205128205,95.83333333333334,6.0
0.9794871794871796,0.1630769230769231,97.5,2.0
0.9794871794871796,0.21410256410256412,95.0,8.0
0.9794871794871796,0.2651282051282051,98.33333333333333,2.0
0.9794871794871796,0.3161538461538462,96.66666666666667,4.0
0.9794871794871796,0.36717948717948723,98.33333333333333,2.0
0.9794871794871796,0.41820512820512823,88.33333333333333,24.0
0.9794871794871796,0.46923076923076923,90.83333333333333,20.0
0.9794871794871796,0.5202564102564102,87.5,28.0
0.9794871794871796,0.5712820512820513,90.83333333333333,20.0
0.9794871794871796,0.6223076923076923,88.33333333333333,26.0
0.9794871794871796,0.6733333333333333,88.33333333333333,26.0
0.9794871794871796,0.7243589743589745,83.33333333333334,38.0
0.9794871794871796,0.7753846153846154,83.33333333333334,38.0
0.9794871794871796,0.8264102564102564,85.0,34.0
0.9794871794871796,0.8774358974358974,98.33333333333333,2.0
0.9794871794871796,0.9284615384615384,86.66666666666667,30.0
0.9794871794871796,0.9794871794871796,81.66666666666667,42.0
0.9794871794871796,1.0305128205128204,79.16666666666666,48.0
0.9794871794871796,1.0815384615384616,77.5,40.0
0.9794871794871796,1.1325641025641027,78.33333333333333,42.0
0.9794871794871796,1.1835897435897436,80.0,40.0
0.9794871794871796,1.2346153846153847,81.66666666666667,40.0
0.9794871794871796,1.2856410256410258,80.83333333333333,34.0
0.9794871794871796,1.3366666666666667,80.83333333333333,40.0
0.9794871794871796,1.3876923076923078,80.83333333333333,38.0
0.9794871794871796,1.438717948717949,78.33333333333333,40.0
0.9794871794871796,1.4897435897435898,85.0,32.0
0.9794871794871796,1.540769230769231,87.5,30.0
0.9794871794871796,1.5917948717948718,85.83333333333333,32.0
0.9794871794871796,1.642820512820513,85.83333333333333,32.0
0.9794871794871796,1.693846153846154,85.83333333333333,32.0
0.9794871794871796,1.744871794871795,85.83333333333333,32.0
0.9794871794871796,1.795897435897436,85.83333333333333,32.0
0.9794871794871796,1.846923076923077,85.83333333333333,32.0
0.9794871794871796,1.897948717948718,84.16666666666667,34.0
0.9794871794871796,1.9489743589743591,84.16666666666667,34.0
0.9794871794871796,2.0,85.83333333333333,32.0
1.0305128205128204,0.01,99.16666666666667,2.0
1.0305128205128204,0.06102564102564103,96.66666666666667,2.0
1.0305128205128204,0.11205128205128205,98.33333333333333,2.0
1.0305128205128204,0.1630769230769231,98.33333333333333,2.0
1.0305128205128204,0.21410256410256412,95.0,8.0
1.0305128205128204,0.2651282051282051,95.0,10.0
1.0305128205128204,0.3161538461538462,97.5,2.0
1.0305128205128204,0.36717948717948723,95.0,10.0
1.0305128205128204,0.41820512820512823,98.33333333333333,2.0
1.0305128205128204,0.46923076923076923,98.33333333333333,2.0
1.0305128205128204,0.5202564102564102,89.16666666666667,24.0
1.0305128205128204,0.5712820512820513,89.16666666666667,24.0
1.0305128205128204,0.6223076923076923,88.33333333333333,26.0
1.0305128205128204,0.6733333333333333,86.66666666666667,30.0
1.0305128205128204,0.7243589743589745,83.33333333333334,38.0
1.0305128205128204,0.7753846153846154,85.0,34.0
1.0305128205128204,0.8264102564102564,97.5,4.0
1.0305128205128204,0.8774358974358974,88.33333333333333,26.0
1.0305128205128204,0.9284615384615384,86.66666666666667,30.0
1.0305128205128204,0.9794871794871796,83.33333333333334,38.0
1.0305128205128204,1.0305128205128204,79.16666666666666,48.0
1.0305128205128204,1.0815384615384616,79.16666666666666,40.0
1.0305128205128204,1.1325641025641027,76.66666666666667,44.0
1.0305128205128204,1.1835897435897436,81.66666666666667,40.0
1.0305128205128204,1.2346153846153847,81.66666666666667,36.0
1.0305128205128204,1.2856410256410258,80.0,36.0
1.0305128205128204,1.3366666666666667,81.66666666666667,36.0
1.0305128205128204,1.3876923076923078,78.33333333333333,40.0
1.0305128205128204,1.438717948717949,80.83333333333333,38.0
1.0305128205128204,1.4897435897435898,85.0,32.0
1.0305128205128204,1.540769230769231,85.83333333333333,32.0
1.0305128205128204,1.5917948717948718,85.83333333333333,32.0
1.0305128205128204,1.642820512820513,85.83333333333333,32.0
1.0305128205128204,1.693846153846154,87.5,30.0
1.0305128205128204,1.744871794871795,85.83333333333333,32.0
1.0305128205128204,1.795897435897436,85.83333333333333,32.0
1.0305128205128204,1.846923076923077,85.83333333333333,32.0
1.0305128205128204,1.897948717948718,84.16666666666667,34.0
1.0305128205128204,1.9489743589743591,84.16666666666667,34.0
1.0305128205128204,2.0,85.83333333333333,32.0
1.0815384615384616,0.01,100.0,0.0
1.0815384615384616,0.06102564102564103,95.83333333333334,4.0
1.0815384615384616,0.11205128205128205,97.5,2.0
1.0815384615384616,0.1630769230769231,98.33333333333333,2.0
1.0815384615384616,0.21410256410256412,97.5,2.0
1.0815384615384616,0.2651282051282051,98.33333333333333,2.0
1.0815384615384616,0.3161538461538462,97.5,2.0
1.0815384615384616,0.36717948717948723,98.33333333333333,2.0
1.0815384615384616,0.41820512820512823,98.33333333333333,2.0
1.0815384615384616,0.46923076923076923,96.66666666666667,6.0
1.0815384615384616,0.5202564102564102,89.16666666666667,24.0
1.0815384615384616,0.5712820512820513,93.33333333333333,14.0
1.0815384615384616,0.6223076923076923,88.33333333333333,26.0
1.0815384615384616,0.6733333333333333,84.16666666666667,36.0
1.0815384615384616,0.7243589743589745,82.5,40.0
1.0815384615384616,0.7753846153846154,85.0,34.0
1.0815384615384616,0.8264102564102564,88.33333333333333,26.0
1.0815384615384616,0.8774358974358974,86.66666666666667,30.0
1.0815384615384616,0.9284615384615384,86.66666666666667,30.0
1.0815384615384616,0.9794871794871796,81.66666666666667,40.0
1.0815384615384616,1.0305128205128204,79.16666666666666,48.0
1.0815384615384616,1.0815384615384616,80.0,36.0
1.0815384615384616,1.1325641025641027,88.33333333333333,26.0
1.0815384615384616,1.1835897435897436,80.0,42.0
1.0815384615384616,1.2346153846153847,79.16666666666666,38.0
1.0815384615384616,1.2856410256410258,80.83333333333333,36.0
1.0815384615384616,1.3366666666666667,80.83333333333333,36.0
1.0815384615384616,1.3876923076923078,80.83333333333333,36.0
1.0815384615384616,1.438717948717949,80.83333333333333,38.0
1.0815384615384616,1.4897435897435898,84.16666666666667,34.0
1.0815384615384616,1.540769230769231,85.83333333333333,32.0
1.0815384615384616,1.5917948717948718,85.83333333333333,32.0
1.0815384615384616,1.642820512820513,85.83333333333333,32.0
1.0815384615384616,1.693846153846154,85.83333333333333,32.0
1.0815384615384616,1.744871794871795,85.83333333333333,32.0
1.0815384615384616,1.795897435897436,85.83333333333333,32.0
1.0815384615384616,1.846923076923077,85.83333333333333,32.0
1.0815384615384616,1.897948717948718,85.83333333333333,32.0
1.0815384615384616,1.9489743589743591,84.16666666666667,34.0
1.0815384615384616,2.0,85.83333333333333,32.0
1.1325641025641027,0.01,99.16666666666667,2.0
1.1325641025641027,0.06102564102564103,98.33333333333333,4.0
1.1325641025641027,0.11205128205128205,96.66666666666667,4.0
1.1325641025641027,0.1630769230769231,95.0,8.0
1.1325641025641027,0.21410256410256412,95.0,10.0
1.1325641025641027,0.2651282051282051,97.5,2.0
1.1325641025641027,0.3161538461538462,96.66666666666667,6.0
1.1325641025641027,0.36717948717948723,96.66666666666667,6.0
1.1325641025641027,0.41820512820512823,97.5,4.0
1.1325641025641027,0.46923076923076923,98.33333333333333,2.0
1.1325641025641027,0.5202564102564102,89.16666666666667,24.0
1.1325641025641027,0.5712820512820513,98.33333333333333,2.0
1.1325641025641027,0.6223076923076923,88.33333333333333,26.0
1.1325641025641027,0.6733333333333333,87.5,28.0
1.1325641025641027,0.7243589743589745,83.33333333333334,38.0
1.1325641025641027,0.7753846153846154,85.0,34.0
1.1325641025641027,0.8264102564102564,88.33333333333333,26.0
1.1325641025641027,0.8774358974358974,87.5,28.0
1.1325641025641027,0.9284615384615384,86.66666666666667,30.0
1.1325641025641027,0.9794871794871796,83.33333333333334,38.0
1.1325641025641027,1.0305128205128204,79.16666666666666,48.0
1.1325641025641027,1.0815384615384616,76.66666666666667,38.0
1.1325641025641027,1.1325641025641027,81.66666666666667,42.0
1.1325641025641027,1.1835897435897436,79.16666666666666,36.0
1.1325641025641027,1.2346153846153847,80.83333333333333,38.0
1.1325641025641027,1.2856410256410258,80.83333333333333,34.0
1.1325641025641027,1.3366666666666667,80.83333333333333,36.0
1.1325641025641027,1.3876923076923078,80.0,38.0
1.1325641025641027,1.438717948717949,80.83333333333333,38.0
1.1325641025641027,1.4897435897435898,85.0,32.0
1.1325641025641027,1.540769230769231,85.83333333333333,32.0
1.1325641025641027,1.5917948717948718,85.83333333333333,32.0
1.1325641025641027,1.642820512820513,85.83333333333333,32.0
1.1325641025641027,1.693846153846154,85.83333333333333,32.0
1.1325641025641027,1.744871794871795,85.83333333333333,32.0
1.1325641025641027,1.795897435897436,87.5,30.0
1.1325641025641027,1.846923076923077,85.83333333333333,32.0
1.1325641025641027,1.897948717948718,85.83333333333333,32.0
1.1325641025641027,1.9489743589743591,85.83333333333333,32.0
1.1325641025641027,2.0,85.83333333333333,32.0
1.1835897435897436,0.01,99.16666666666667,2.0
1.1835897435897436,0.06102564102564103,99.16666666666667,2.0
1.1835897435897436,0.11205128205128205,98.33333333333333,2.0
1.1835897435897436,0.1630769230769231,95.83333333333334,6.0
1.1835897435897436,0.21410256410256412,94.16666666666667,10.0
1.1835897435897436,0.2651282051282051,95.83333333333334,6.0
1.1835897435897436,0.3161538461538462,98.33333333333333,2.0
1.1835897435897436,0.36717948717948723,96.66666666666667,6.0
1.1835897435897436,0.41820512820512823,97.5,4.0
1.1835897435897436,0.46923076923076923,90.0,20.0
1.1835897435897436,0.5202564102564102,90.83333333333333,20.0
1.1835897435897436,0.5712820512820513,88.33333333333333,26.0
1.1835897435897436,0.6223076923076923,90.83333333333333,20.0
1.1835897435897436,0.6733333333333333,87.5,28.0
1.1835897435897436,0.7243589743589745,85.0,34.0
1.1835897435897436,0.7753846153846154,85.83333333333333,32.0
1.1835897435897436,0.8264102564102564,85.83333333333333,32.0
1.1835897435897436,0.8774358974358974,89.16666666666667,26.0
1.1835897435897436,0.9284615384615384,86.66666666666667,30.0
1.1835897435897436,0.9794871794871796,81.66666666666667,40.0
1.1835897435897436,1.0305128205128204,79.16666666666666,48.0
1.1835897435897436,1.0815384615384616,77.5,40.0
1.1835897435897436,1.1325641025641027,89.16666666666667,22.0
1.1835897435897436,1.1835897435897436,80.0,42.0
1.1835897435897436,1.2346153846153847,79.16666666666666,38.0
1.1835897435897436,1.2856410256410258,81.66666666666667,34.0
1.1835897435897436,1.3366666666666667,80.83333333333333,36.0
1.1835897435897436,1.3876923076923078,80.0,38.0
1.1835897435897436,1.438717948717949,80.83333333333333,38.0
1.1835897435897436,1.4897435897435898,85.0,32.0
1.1835897435897436,1.540769230769231,86.66666666666667,32.0
1.1835897435897436,1.5917948717948718,85.83333333333333,32.0
1.1835897435897436,1.642820512820513,87.5,30.0
1.1835897435897436,1.693846153846154,85.83333333333333,32.0
1.1835897435897436,1.744871794871795,85.83333333333333,32.0
1.1835897435897436,1.795897435897436,85.83333333333333,32.0
1.1835897435897436,1.846923076923077,85.83333333333333,32.0
1.1835897435897436,1.897948717948718,85.83333333333333,32.0
1.1835897435897436,1.9489743589743591,84.16666666666667,34.0
1.1835897435897436,2.0,85.83333333333333,32.0
1.2346153846153847,0.01,100.0,0.0
1.2346153846153847,0.06102564102564103,96.66666666666667,2.0
1.2346153846153847,0.11205128205128205,98.33333333333333,2.0
1.2346153846153847,0.1630769230769231,98.33333333333333,2.0
1.2346153846153847,0.21410256410256412,98.33333333333333,2.0
1.2346153846153847,0.2651282051282051,94.16666666666667,12.0
1.2346153846153847,0.3161538461538462,97.5,2.0
1.2346153846153847,0.36717948717948723,97.5,2.0
1.2346153846153847,0.41820512820512823,97.5,2.0
1.2346153846153847,0.46923076923076923,96.66666666666667,6.0
1.2346153846153847,0.5202564102564102,95.83333333333334,8.0
1.2346153846153847,0.5712820512820513,94.16666666666667,12.0
1.2346153846153847,0.6223076923076923,87.5,28.0
1.2346153846153847,0.6733333333333333,86.66666666666667,30.0
1.2346153846153847,0.7243589743589745,85.83333333333333,32.0
1.2346153846153847,0.7753846153846154,86.66666666666667,30.0
1.2346153846153847,0.8264102564102564,85.83333333333333,32.0
1.2346153846153847,0.8774358974358974,88.33333333333333,26.0
1.2346153846153847,0.9284615384615384,87.5,28.0
1.2346153846153847,0.9794871794871796,83.33333333333334,38.0
1.2346153846153847,1.0305128205128204,80.0,48.0
1.2346153846153847,1.0815384615384616,73.33333333333333,42.0
1.2346153846153847,1.1325641025641027,77.5,40.0
1.2346153846153847,1.1835897435897436,80.83333333333333,34.0
1.2346153846153847,1.2346153846153847,83.33333333333334,32.0
1.2346153846153847,1.2856410256410258,81.66666666666667,34.0
1.2346153846153847,1.3366666666666667,79.16666666666666,38.0
1.2346153846153847,1.3876923076923078,79.16666666666666,38.0
1.2346153846153847,1.438717948717949,80.83333333333333,38.0
1.2346153846153847,1.4897435897435898,83.33333333333334,34.0
1.2346153846153847,1.540769230769231,85.83333333333333,32.0
1.2346153846153847,1.5917948717948718,85.83333333333333,32.0
1.2346153846153847,1.642820512820513,85.83333333333333,32.0
1.2346153846153847,1.693846153846154,85.83333333333333,32.0
1.2346153846153847,1.744871794871795,85.83333333333333,32.0
1.2346153846153847,1.795897435897436,85.83333333333333,32.0
1.2346153846153847,1.846923076923077,85.83333333333333,32.0
1.2346153846153847,1.897948717948718,85.83333333333333,32.0
1.2346153846153847,1.9489743589743591,87.5,30.0
1.2346153846153847,2.0,85.83333333333333,32.0
1.2856410256410258,0.01,100.0,0.0
1.2856410256410258,0.06102564102564103,99.16666666666667,2.0
1.2856410256410258,0.11205128205128205,99.16666666666667,2.0
1.2856410256410258,0.1630769230769231,95.0,8.0
1.2856410256410258,0.21410256410256412,98.33333333333333,2.0
1.2856410256410258,0.2651282051282051,93.33333333333333,12.0
1.2856410256410258,0.3161538461538462,96.66666666666667,4.0
1.2856410256410258,0.36717948717948723,98.33333333333333,2.0
1.2856410256410258,0.41820512820512823,92.5,16.0
1.2856410256410258,0.46923076923076923,90.83333333333333,20.0
1.2856410256410258,0.5202564102564102,90.83333333333333,20.0
1.2856410256410258,0.5712820512820513,94.16666666666667,12.0
1.2856410256410258,0.6223076923076923,80.83333333333333,44.0
1.2856410256410258,0.6733333333333333,88.33333333333333,26.0
1.2856410256410258,0.7243589743589745,85.0,34.0
1.2856410256410258,0.7753846153846154,86.66666666666667,30.0
1.2856410256410258,0.8264102564102564,88.33333333333333,26.0
1.2856410256410258,0.8774358974358974,87.5,28.0
1.2856410256410258,0.9284615384615384,86.66666666666667,30.0
1.2856410256410258,0.9794871794871796,82.5,40.0
1.2856410256410258,1.0305128205128204,79.16666666666666,48.0
1.2856410256410258,1.0815384615384616,76.66666666666667,38.0
1.2856410256410258,1.1325641025641027,78.33333333333333,38.0
1.2856410256410258,1.1835897435897436,80.83333333333333,32.0
1.2856410256410258,1.2346153846153847,81.66666666666667,32.0
1.2856410256410258,1.2856410256410258,80.83333333333333,34.0
1.2856410256410258,1.3366666666666667,80.83333333333333,36.0
1.2856410256410258,1.3876923076923078,79.16666666666666,38.0
1.2856410256410258,1.438717948717949,80.83333333333333,38.0
1.2856410256410258,1.4897435897435898,85.83333333333333,30.0
1.2856410256410258,1.540769230769231,85.83333333333333,32.0
1.2856410256410258,1.5917948717948718,87.5,30.0
1.2856410256410258,1.642820512820513,85.83333333333333,32.0
1.2856410256410258,1.693846153846154,85.83333333333333,32.0
1.2856410256410258,1.744871794871795,85.83333333333333,32.0
1.2856410256410258,1.795897435897436,85.83333333333333,32.0
1.2856410256410258,1.846923076923077,85.83333333333333,32.0
1.2856410256410258,1.897948717948718,85.83333333333333,32.0
1.2856410256410258,1.9489743589743591,84.16666666666667,34.0
1.2856410256410258,2.0,84.16666666666667,34.0
1.3366666666666667,0.01,100.0,0.0
1.3366666666666667,0.06102564102564103,95.83333333333334,2.0
1.3366666666666667,0.11205128205128205,96.66666666666667,2.0
1.3366666666666667,0.1630769230769231,97.5,2.0
1.3366666666666667,0.21410256410256412,94.16666666666667,10.0
1.3366666666666667,0.2651282051282051,94.16666666666667,10.0
1.3366666666666667,0.3161538461538462,98.33333333333333,2.0
1.3366666666666667,0.36717948717948723,96.66666666666667,6.0
1.3366666666666667,0.41820512820512823,91.66666666666666,16.0
1.3366666666666667,0.46923076923076923,98.33333333333333,2.0
1.3366666666666667,0.5202564102564102,91.66666666666666,18.0
1.3366666666666667,0.5712820512820513,91.66666666666666,18.0
1.3366666666666667,0.6223076923076923,84.16666666666667,36.0
1.3366666666666667,0.6733333333333333,96.66666666666667,6.0
1.3366666666666667,0.7243589743589745,86.66666666666667,30.0
1.3366666666666667,0.7753846153846154,86.66666666666667,30.0
1.3366666666666667,0.8264102564102564,88.33333333333333,26.0
1.3366666666666667,0.8774358974358974,87.5,28.0
1.3366666666666667,0.9284615384615384,87.5,30.0
1.3366666666666667,0.9794871794871796,83.33333333333334,38.0
1.3366666666666667,1.0305128205128204,77.5,36.0
1.3366666666666667,1.0815384615384616,80.0,36.0
1.3366666666666667,1.1325641025641027,76.66666666666667,38.0
1.3366666666666667,1.1835897435897436,80.83333333333333,32.0
1.3366666666666667,1.2346153846153847,79.16666666666666,38.0
1.3366666666666667,1.2856410256410258,80.0,36.0
1.3366666666666667,1.3366666666666667,80.0,36.0
1.3366666666666667,1.3876923076923078,79.16666666666666,38.0
1.3366666666666667,1.438717948717949,79.16666666666666,40.0
1.3366666666666667,1.4897435897435898,82.5,34.0
1.3366666666666667,1.540769230769231,85.83333333333333,32.0
1.3366666666666667,1.5917948717948718,85.83333333333333,32.0
1.3366666666666667,1.642820512820513,85.83333333333333,32.0
1.3366666666666667,1.693846153846154,85.83333333333333,32.0
1.3366666666666667,1.744871794871795,85.83333333333333,32.0
1.3366666666666667,1.795897435897436,85.83333333333333,32.0
1.3366666666666667,1.846923076923077,85.83333333333333,32.0
1.3366666666666667,1.897948717948718,85.83333333333333,32.0
1.3366666666666667,1.9489743589743591,85.83333333333333,32.0
1.3366666666666667,2.0,85.83333333333333,32.0
1.3876923076923078,0.01,100.0,0.0
1.3876923076923078,0.06102564102564103,98.33333333333333,4.0
1.3876923076923078,0.11205128205128205,95.0,6.0
1.3876923076923078,0.1630769230769231,99.16666666666667,2.0
1.3876923076923078,0.21410256410256412,98.33333333333333,2.0
1.3876923076923078,0.2651282051282051,94.16666666666667,10.0
1.3876923076923078,0.3161538461538462,95.83333333333334,6.0
1.3876923076923078,0.36717948717948723,95.83333333333334,6.0
1.3876923076923078,0.41820512820512823,95.0,10.0
1.3876923076923078,0.46923076923076923,98.33333333333333,2.0
1.3876923076923078,0.5202564102564102,91.66666666666666,18.0
1.3876923076923078,0.5712820512820513,92.5,16.0
1.3876923076923078,0.6223076923076923,85.83333333333333,32.0
1.3876923076923078,0.6733333333333333,88.33333333333333,26.0
1.3876923076923078,0.7243589743589745,86.66666666666667,30.0
1.3876923076923078,0.7753846153846154,86.66666666666667,30.0
1.3876923076923078,0.8264102564102564,88.33333333333333,26.0
1.3876923076923078,0.8774358974358974,87.5,28.0
1.3876923076923078,0.9284615384615384,86.66666666666667,30.0
1.3876923076923078,0.9794871794871796,97.5,4.0
1.3876923076923078,1.0305128205128204,76.66666666666667,38.0
1.3876923076923078,1.0815384615384616,74.16666666666667,44.0
1.3876923076923078,1.1325641025641027,76.66666666666667,38.0
1.3876923076923078,1.1835897435897436,81.66666666666667,32.0
1.3876923076923078,1.2346153846153847,79.16666666666666,38.0
1.3876923076923078,1.2856410256410258,80.0,36.0
1.3876923076923078,1.3366666666666667,78.33333333333333,38.0
1.3876923076923078,1.3876923076923078,80.0,36.0
1.3876923076923078,1.438717948717949,76.66666666666667,44.0
1.3876923076923078,1.4897435897435898,82.5,34.0
1.3876923076923078,1.540769230769231,85.83333333333333,32.0
1.3876923076923078,1.5917948717948718,85.83333333333333,32.0
1.3876923076923078,1.642820512820513,85.83333333333333,32.0
1.3876923076923078,1.693846153846154,87.5,30.0
1.3876923076923078,1.744871794871795,85.83333333333333,32.0
1.3876923076923078,1.795897435897436,85.83333333333333,32.0
1.3876923076923078,1.846923076923077,85.83333333333333,32.0
1.3876923076923078,1.897948717948718,85.83333333333333,32.0
1.3876923076923078,1.9489743589743591,84.16666666666667,34.0
1.3876923076923078,2.0,85.83333333333333,32.0
1.438717948717949,0.01,100.0,0.0
1.438717948717949,0.06102564102564103,95.0,4.0
1.438717948717949,0.11205128205128205,95.0,6.0
1.438717948717949,0.1630769230769231,96.66666666666667,4.0
1.438717948717949,0.21410256410256412,97.5,2.0
1.438717948717949,0.2651282051282051,94.16666666666667,10.0
1.438717948717949,0.3161538461538462,94.16666666666667,10.0
1.438717948717949,0.36717948717948723,97.5,2.0
1.438717948717949,0.41820512820512823,98.33333333333333,2.0
1.438717948717949,0.46923076923076923,91.66666666666666,18.0
1.438717948717949,0.5202564102564102,98.33333333333333,2.0
1.438717948717949,0.5712820512820513,92.5,16.0
1.438717948717949,0.6223076923076923,90.83333333333333,20.0
1.438717948717949,0.6733333333333333,93.33333333333333,14.0
1.438717948717949,0.7243589743589745,85.83333333333333,32.0
1.438717948717949,0.7753846153846154,86.66666666666667,30.0
1.438717948717949,0.8264102564102564,88.33333333333333,26.0
1.438717948717949,0.8774358974358974,87.5,28.0
1.438717948717949,0.9284615384615384,87.5,28.0
1.438717948717949,0.9794871794871796,83.33333333333334,36.0
1.438717948717949,1.0305128205128204,76.66666666666667,38.0
1.438717948717949,1.0815384615384616,79.16666666666666,36.0
1.438717948717949,1.1325641025641027,77.5,36.0
1.438717948717949,1.1835897435897436,80.83333333333333,32.0
1.438717948717949,1.2346153846153847,80.83333333333333,34.0
1.438717948717949,1.2856410256410258,80.83333333333333,34.0
1.438717948717949,1.3366666666666667,78.33333333333333,38.0
1.438717948717949,1.3876923076923078,80.83333333333333,36.0
1.438717948717949,1.438717948717949,76.66666666666667,44.0
1.438717948717949,1.4897435897435898,90.0,20.0
1.438717948717949,1.540769230769231,85.83333333333333,32.0
1.438717948717949,1.5917948717948718,85.83333333333333,32.0
1.438717948717949,1.642820512820513,85.83333333333333,32.0
1.438717948717949,1.693846153846154,85.83333333333333,32.0
1.438717948717949,1.744871794871795,85.83333333333333,32.0
1.438717948717949,1.795897435897436,87.5,30.0
1.438717948717949,1.846923076923077,85.83333333333333,32.0
1.438717948717949,1.897948717948718,85.83333333333333,32.0
1.438717948717949,1.9489743589743591,85.83333333333333,32.0
1.438717948717949,2.0,85.83333333333333,32.0
1.4897435897435898,0.01,100.0,0.0
1.4897435897435898,0.06102564102564103,95.83333333333334,2.0
1.4897435897435898,0.11205128205128205,96.66666666666667,2.0
1.4897435897435898,0.1630769230769231,96.66666666666667,4.0
1.4897435897435898,0.21410256410256412,93.33333333333333,12.0
1.4897435897435898,0.2651282051282051,93.33333333333333,12.0
1.4897435897435898,0.3161538461538462,95.83333333333334,6.0
1.4897435897435898,0.36717948717948723,98.33333333333333,2.0
1.4897435897435898,0.41820512820512823,96.66666666666667,4.0
1.4897435897435898,0.46923076923076923,91.66666666666666,18.0
1.4897435897435898,0.5202564102564102,91.66666666666666,18.0
1.4897435897435898,0.5712820512820513,93.33333333333333,14.0
1.4897435897435898,0.6223076923076923,90.83333333333333,20.0
1.4897435897435898,0.6733333333333333,90.83333333333333,20.0
1.4897435897435898,0.7243589743589745,88.33333333333333,26.0
1.4897435897435898,0.7753846153846154,86.66666666666667,30.0
1.4897435897435898,0.8264102564102564,87.5,28.0
1.4897435897435898,0.8774358974358974,87.5,28.0
1.4897435897435898,0.9284615384615384,87.5,28.0
1.4897435897435898,0.9794871794871796,97.5,4.0
1.4897435897435898,1.0305128205128204,76.66666666666667,38.0
1.4897435897435898,1.0815384615384616,81.66666666666667,32.0
1.4897435897435898,1.1325641025641027,76.66666666666667,38.0
1.4897435897435898,1.1835897435897436,80.83333333333333,32.0
1.4897435897435898,1.2346153846153847,80.83333333333333,32.0
1.4897435897435898,1.2856410256410258,79.16666666666666,36.0
1.4897435897435898,1.3366666666666667,80.0,36.0
1.4897435897435898,1.3876923076923078,80.0,36.0
1.4897435897435898,1.438717948717949,77.5,42.0
1.4897435897435898,1.4897435897435898,82.5,34.0
1.4897435897435898,1.540769230769231,85.83333333333333,32.0
1.4897435897435898,1.5917948717948718,85.83333333333333,32.0
1.4897435897435898,1.642820512820513,85.83333333333333,32.0
1.4897435897435898,1.693846153846154,85.83333333333333,32.0
1.4897435897435898,1.744871794871795,85.83333333333333,32.0
1.4897435897435898,1.795897435897436,85.83333333333333,32.0
1.4897435897435898,1.846923076923077,85.83333333333333,32.0
1.4897435897435898,1.897948717948718,85.83333333333333,32.0
1.4897435897435898,1.9489743589743591,85.83333333333333,32.0
1.4897435897435898,2.0,85.83333333333333,32.0
1.540769230769231,0.01,99.16666666666667,2.0
1.540769230769231,0.06102564102564103,98.33333333333333,4.0
1.540769230769231,0.11205128205128205,95.83333333333334,6.0
1.540769230769231,0.1630769230769231,98.33333333333333,2.0
1.540769230769231,0.21410256410256412,94.16666666666667,10.0
1.540769230769231,0.2651282051282051,93.33333333333333,12.0
1.540769230769231,0.3161538461538462,93.33333333333333,12.0
1.540769230769231,0.36717948717948723,98.33333333333333,2.0
1.540769230769231,0.41820512820512823,98.33333333333333,2.0
1.540769230769231,0.46923076923076923,92.5,16.0
1.540769230769231,0.5202564102564102,93.33333333333333,14.0
1.540769230769231,0.5712820512820513,92.5,16.0
1.540769230769231,0.6223076923076923,85.0,34.0
1.540769230769231,0.6733333333333333,85.0,34.0
1.540769230769231,0.7243589743589745,89.16666666666667,24.0
1.540769230769231,0.7753846153846154,87.5,28.0
1.540769230769231,0.8264102564102564,88.33333333333333,26.0
1.540769230769231,0.8774358974358974,88.33333333333333,26.0
1.540769230769231,0.9284615384615384,86.66666666666667,30.0
1.540769230769231,0.9794871794871796,85.83333333333333,34.0
1.540769230769231,1.0305128205128204,77.5,36.0
1.540769230769231,1.0815384615384616,75.83333333333333,36.0
1.540769230769231,1.1325641025641027,78.33333333333333,38.0
1.540769230769231,1.1835897435897436,80.83333333333333,32.0
1.540769230769231,1.2346153846153847,79.16666666666666,36.0
1.540769230769231,1.2856410256410258,79.16666666666666,36.0
1.540769230769231,1.3366666666666667,79.16666666666666,38.0
1.540769230769231,1.3876923076923078,79.16666666666666,38.0
1.540769230769231,1.438717948717949,77.5,42.0
1.540769230769231,1.4897435897435898,83.33333333333334,34.0
1.540769230769231,1.540769230769231,85.83333333333333,32.0
1.540769230769231,1.5917948717948718,85.83333333333333,32.0
1.540769230769231,1.642820512820513,87.5,30.0
1.540769230769231,1.693846153846154,85.83333333333333,32.0
1.540769230769231,1.744871794871795,85.83333333333333,32.0
1.540769230769231,1.795897435897436,85.83333333333333,32.0
1.540769230769231,1.846923076923077,85.83333333333333,32.0
1.540769230769231,1.897948717948718,85.83333333333333,32.0
1.540769230769231,1.9489743589743591,85.83333333333333,32.0
1.540769230769231,2.0,85.83333333333333,32.0
1.5917948717948718,0.01,98.33333333333333,2.0
1.5917948717948718,0.06102564102564103,95.0,2.0
1.5917948717948718,0.11205128205128205,95.0,6.0
1.5917948717948718,0.1630769230769231,97.5,6.0
1.5917948717948718,0.21410256410256412,98.33333333333333,2.0
1.5917948717948718,0.2651282051282051,92.5,14.0
1.5917948717948718,0.3161538461538462,93.33333333333333,12.0
1.5917948717948718,0.36717948717948723,96.66666666666667,4.0
1.5917948717948718,0.41820512820512823,93.33333333333333,14.0
1.5917948717948718,0.46923076923076923,92.5,14.0
1.5917948717948718,0.5202564102564102,93.33333333333333,14.0
1.5917948717948718,0.5712820512820513,93.33333333333333,14.0
1.5917948717948718,0.6223076923076923,93.33333333333333,14.0
1.5917948717948718,0.6733333333333333,86.66666666666667,30.0
1.5917948717948718,0.7243589743589745,87.5,28.0
1.5917948717948718,0.7753846153846154,86.66666666666667,28.0
1.5917948717948718,0.8264102564102564,87.5,28.0
1.5917948717948718,0.8774358974358974,85.83333333333333,30.0
1.5917948717948718,0.9284615384615384,88.33333333333333,26.0
1.5917948717948718,0.9794871794871796,83.33333333333334,38.0
1.5917948717948718,1.0305128205128204,77.5,36.0
1.5917948717948718,1.0815384615384616,75.0,38.0
1.5917948717948718,1.1325641025641027,75.83333333333333,40.0
1.5917948717948718,1.1835897435897436,80.83333333333333,32.0
1.5917948717948718,1.2346153846153847,80.0,36.0
1.5917948717948718,1.2856410256410258,79.16666666666666,36.0
1.5917948717948718,1.3366666666666667,78.33333333333333,38.0
1.5917948717948718,1.3876923076923078,79.16666666666666,38.0
1.5917948717948718,1.438717948717949,77.5,42.0
1.5917948717948718,1.4897435897435898,82.5,34.0
1.5917948717948718,1.540769230769231,85.83333333333333,32.0
1.5917948717948718,1.5917948717948718,85.83333333333333,32.0
1.5917948717948718,1.642820512820513,85.83333333333333,32.0
1.5917948717948718,1.693846153846154,85.83333333333333,32.0
1.5917948717948718,1.744871794871795,85.83333333333333,32.0
1.5917948717948718,1.795897435897436,85.83333333333333,32.0
1.5917948717948718,1.846923076923077,85.83333333333333,32.0
1.5917948717948718,1.897948717948718,85.83333333333333,32.0
1.5917948717948718,1.9489743589743591,85.83333333333333,32.0
1.5917948717948718,2.0,85.83333333333333,32.0
1.642820512820513,0.01,100.0,0.0
1.642820512820513,0.06102564102564103,96.66666666666667,2.0
1.642820512820513,0.11205128205128205,96.66666666666667,6.0
1.642820512820513,0.1630769230769231,94.16666666666667,8.0
1.642820512820513,0.21410256410256412,97.5,2.0
1.642820512820513,0.2651282051282051,98.33333333333333,2.0
1.642820512820513,0.3161538461538462,95.0,10.0
1.642820512820513,0.36717948717948723,97.5,4.0
1.642820512820513,0.41820512820512823,93.33333333333333,14.0
1.642820512820513,0.46923076923076923,95.0,10.0
1.642820512820513,0.5202564102564102,92.5,16.0
1.642820512820513,0.5712820512820513,89.16666666666667,24.0
1.642820512820513,0.6223076923076923,87.5,28.0
1.642820512820513,0.6733333333333333,85.0,34.0
1.642820512820513,0.7243589743589745,86.66666666666667,30.0
1.642820512820513,0.7753846153846154,86.66666666666667,28.0
1.642820512820513,0.8264102564102564,87.5,28.0
1.642820512820513,0.8774358974358974,87.5,28.0
1.642820512820513,0.9284615384615384,86.66666666666667,30.0
1.642820512820513,0.9794871794871796,84.16666666666667,36.0
1.642820512820513,1.0305128205128204,76.66666666666667,36.0
1.642820512820513,1.0815384615384616,75.83333333333333,36.0
1.642820512820513,1.1325641025641027,85.83333333333333,26.0
1.642820512820513,1.1835897435897436,79.16666666666666,36.0
1.642820512820513,1.2346153846153847,77.5,40.0
1.642820512820513,1.2856410256410258,80.0,34.0
1.642820512820513,1.3366666666666667,78.33333333333333,38.0
1.642820512820513,1.3876923076923078,80.0,36.0
1.642820512820513,1.438717948717949,76.66666666666667,44.0
1.642820512820513,1.4897435897435898,82.5,34.0
1.642820512820513,1.540769230769231,85.83333333333333,32.0
1.642820512820513,1.5917948717948718,85.83333333333333,32.0
1.642820512820513,1.642820512820513,85.83333333333333,32.0
1.642820512820513,1.693846153846154,85.83333333333333,32.0
1.642820512820513,1.744871794871795,85.83333333333333,32.0
1.642820512820513,1.795897435897436,85.83333333333333,32.0
1.642820512820513,1.846923076923077,85.83333333333333,32.0
1.642820512820513,1.897948717948718,85.83333333333333,32.0
1.642820512820513,1.9489743589743591,85.83333333333333,32.0
1.642820512820513,2.0,85.83333333333333,32.0
1.693846153846154,0.01,100.0,0.0
1.693846153846154,0.06102564102564103,96.66666666666667,2.0
1.693846153846154,0.11205128205128205,95.83333333333334,6.0
1.693846153846154,0.1630769230769231,95.0,6.0
1.693846153846154,0.21410256410256412,98.33333333333333,2.0
1.693846153846154,0.2651282051282051,97.5,2.0
1.693846153846154,0.3161538461538462,98.33333333333333,2.0
1.693846153846154,0.36717948717948723,98.33333333333333,2.0
1.693846153846154,0.41820512820512823,98.33333333333333,2.0
1.693846153846154,0.46923076923076923,98.33333333333333,2.0
1.693846153846154,0.5202564102564102,93.33333333333333,14.0
1.693846153846154,0.5712820512820513,90.83333333333333,20.0
1.693846153846154,0.6223076923076923,85.0,32.0
1.693846153846154,0.6733333333333333,87.5,28.0
1.693846153846154,0.7243589743589745,86.66666666666667,28.0
1.693846153846154,0.7753846153846154,85.83333333333333,28.0
1.693846153846154,0.8264102564102564,87.5,28.0
1.693846153846154,0.8774358974358974,86.66666666666667,28.0
1.693846153846154,0.9284615384615384,86.66666666666667,30.0
1.693846153846154,0.9794871794871796,80.83333333333333,40.0
1.693846153846154,1.0305128205128204,77.5,36.0
1.693846153846154,1.0815384615384616,80.83333333333333,30.0
1.693846153846154,1.1325641025641027,90.0,18.0
1.693846153846154,1.1835897435897436,80.83333333333333,32.0
1.693846153846154,1.2346153846153847,78.33333333333333,38.0
1.693846153846154,1.2856410256410258,79.16666666666666,36.0
1.693846153846154,1.3366666666666667,78.33333333333333,38.0
1.693846153846154,1.3876923076923078,80.0,36.0
1.693846153846154,1.438717948717949,77.5,42.0
1.693846153846154,1.4897435897435898,82.5,34.0
1.693846153846154,1.540769230769231,85.83333333333333,32.0
1.693846153846154,1.5917948717948718,85.83333333333333,32.0
1.693846153846154,1.642820512820513,85.83333333333333,32.0
1.693846153846154,1.693846153846154,85.83333333333333,32.0
1.693846153846154,1.744871794871795,85.83333333333333,32.0
1.693846153846154,1.795897435897436,85.83333333333333,32.0
1.693846153846154,1.846923076923077,85.83333333333333,32.0
1.693846153846154,1.897948717948718,85.83333333333333,32.0
1.693846153846154,1.9489743589743591,85.83333333333333,32.0
1.693846153846154,2.0,85.83333333333333,32.0
1.744871794871795,0.01,99.16666666666667,2.0
1.744871794871795,0.06102564102564103,95.83333333333334,2.0
1.744871794871795,0.11205128205128205,96.66666666666667,2.0
1.744871794871795,0.1630769230769231,97.5,2.0
1.744871794871795,0.21410256410256412,99.16666666666667,2.0
1.744871794871795,0.2651282051282051,98.33333333333333,2.0
1.744871794871795,0.3161538461538462,93.33333333333333,12.0
1.744871794871795,0.36717948717948723,96.66666666666667,6.0
1.744871794871795,0.41820512820512823,93.33333333333333,12.0
1.744871794871795,0.46923076923076923,93.33333333333333,14.0
1.744871794871795,0.5202564102564102,95.0,10.0
1.744871794871795,0.5712820512820513,93.33333333333333,14.0
1.744871794871795,0.6223076923076923,86.66666666666667,30.0
1.744871794871795,0.6733333333333333,88.33333333333333,26.0
1.744871794871795,0.7243589743589745,87.5,26.0
1.744871794871795,0.7753846153846154,85.0,26.0
1.744871794871795,0.8264102564102564,87.5,28.0
1.744871794871795,0.8774358974358974,86.66666666666667,28.0
1.744871794871795,0.9284615384615384,87.5,28.0
1.744871794871795,0.9794871794871796,97.5,4.0
1.744871794871795,1.0305128205128204,77.5,36.0
1.744871794871795,1.0815384615384616,75.0,38.0
1.744871794871795,1.1325641025641027,77.5,38.0
1.744871794871795,1.1835897435897436,77.5,40.0
1.744871794871795,1.2346153846153847,78.33333333333333,38.0
1.744871794871795,1.2856410256410258,79.16666666666666,36.0
1.744871794871795,1.3366666666666667,78.33333333333333,38.0
1.744871794871795,1.3876923076923078,80.0,36.0
1.744871794871795,1.438717948717949,76.66666666666667,44.0
1.744871794871795,1.4897435897435898,82.5,34.0
1.744871794871795,1.540769230769231,85.83333333333333,32.0
1.744871794871795,1.5917948717948718,85.83333333333333,32.0
1.744871794871795,1.642820512820513,85.83333333333333,32.0
1.744871794871795,1.693846153846154,85.83333333333333,32.0
1.744871794871795,1.744871794871795,85.83333333333333,32.0
1.744871794871795,1.795897435897436,85.83333333333333,32.0
1.744871794871795,1.846923076923077,85.83333333333333,32.0
1.744871794871795,1.897948717948718,85.83333333333333,32.0
1.744871794871795,1.9489743589743591,85.83333333333333,32.0
1.744871794871795,2.0,85.83333333333333,32.0
1.795897435897436,0.01,100.0,0.0
1.795897435897436,0.06102564102564103,96.66666666666667,2.0
1.795897435897436,0.11205128205128205,99.16666666666667,2.0
1.795897435897436,0.1630769230769231,97.5,6.0
1.795897435897436,0.21410256410256412,99.16666666666667,2.0
1.795897435897436,0.2651282051282051,95.83333333333334,6.0
1.795897435897436,0.3161538461538462,95.83333333333334,6.0
1.795897435897436,0.36717948717948723,96.66666666666667,6.0
1.795897435897436,0.41820512820512823,96.66666666666667,6.0
1.795897435897436,0.46923076923076923,93.33333333333333,12.0
1.795897435897436,0.5202564102564102,95.83333333333334,8.0
1.795897435897436,0.5712820512820513,90.0,22.0
1.795897435897436,0.6223076923076923,88.33333333333333,26.0
1.795897435897436,0.6733333333333333,89.16666666666667,24.0
1.795897435897436,0.7243589743589745,96.66666666666667,6.0
1.795897435897436,0.7753846153846154,87.5,28.0
1.795897435897436,0.8264102564102564,86.66666666666667,28.0
1.795897435897436,0.8774358974358974,85.83333333333333,28.0
1.795897435897436,0.9284615384615384,87.5,28.0
1.795897435897436,0.9794871794871796,80.83333333333333,36.0
1.795897435897436,1.0305128205128204,78.33333333333333,34.0
1.795897435897436,1.0815384615384616,77.5,36.0
1.795897435897436,1.1325641025641027,79.16666666666666,36.0
1.795897435897436,1.1835897435897436,80.83333333333333,30.0
1.795897435897436,1.2346153846153847,79.16666666666666,36.0
1.795897435897436,1.2856410256410258,79.16666666666666,36.0
1.795897435897436,1.3366666666666667,78.33333333333333,38.0
1.795897435897436,1.3876923076923078,78.33333333333333,38.0
1.795897435897436,1.438717948717949,77.5,42.0
1.795897435897436,1.4897435897435898,82.5,34.0
1.795897435897436,1.540769230769231,85.83333333333333,32.0
1.795897435897436,1.5917948717948718,85.83333333333333,32.0
1.795897435897436,1.642820512820513,85.83333333333333,32.0
1.795897435897436,1.693846153846154,85.83333333333333,32.0
1.795897435897436,1.744871794871795,85.83333333333333,32.0
1.795897435897436,1.795897435897436,85.83333333333333,32.0
1.795897435897436,1.846923076923077,85.83333333333333,32.0
1.795897435897436,1.897948717948718,85.83333333333333,32.0
1.795897435897436,1.9489743589743591,85.83333333333333,32.0
1.795897435897436,2.0,85.83333333333333,32.0
1.846923076923077,0.01,100.0,0.0
1.846923076923077,0.06102564102564103,96.66666666666667,2.0
1.846923076923077,0.11205128205128205,96.66666666666667,2.0
1.846923076923077,0.1630769230769231,98.33333333333333,2.0
1.846923076923077,0.21410256410256412,97.5,2.0
1.846923076923077,0.2651282051282051,95.83333333333334,6.0
1.846923076923077,0.3161538461538462,90.0,20.0
1.846923076923077,0.36717948717948723,96.66666666666667,6.0
1.846923076923077,0.41820512820512823,98.33333333333333,2.0
1.846923076923077,0.46923076923076923,95.83333333333334,8.0
1.846923076923077,0.5202564102564102,95.0,10.0
1.846923076923077,0.5712820512820513,94.16666666666667,12.0
1.846923076923077,0.6223076923076923,89.16666666666667,24.0
1.846923076923077,0.6733333333333333,96.66666666666667,6.0
1.846923076923077,0.7243589743589745,92.5,16.0
1.846923076923077,0.7753846153846154,85.83333333333333,26.0
1.846923076923077,0.8264102564102564,85.0,26.0
1.846923076923077,0.8774358974358974,88.33333333333333,26.0
1.846923076923077,0.9284615384615384,86.66666666666667,30.0
1.846923076923077,0.9794871794871796,82.5,30.0
1.846923076923077,1.0305128205128204,88.33333333333333,20.0
1.846923076923077,1.0815384615384616,76.66666666666667,34.0
1.846923076923077,1.1325641025641027,76.66666666666667,38.0
1.846923076923077,1.1835897435897436,77.5,40.0
1.846923076923077,1.2346153846153847,79.16666666666666,36.0
1.846923076923077,1.2856410256410258,79.16666666666666,36.0
1.846923076923077,1.3366666666666667,78.33333333333333,38.0
1.846923076923077,1.3876923076923078,78.33333333333333,38.0
1.846923076923077,1.438717948717949,77.5,42.0
1.846923076923077,1.4897435897435898,82.5,34.0
1.846923076923077,1.540769230769231,85.83333333333333,32.0
1.846923076923077,1.5917948717948718,85.83333333333333,32.0
1.846923076923077,1.642820512820513,85.83333333333333,32.0
1.846923076923077,1.693846153846154,85.83333333333333,32.0
1.846923076923077,1.744871794871795,85.83333333333333,32.0
1.846923076923077,1.795897435897436,85.83333333333333,32.0
1.846923076923077,1.846923076923077,85.83333333333333,32.0
1.846923076923077,1.897948717948718,85.83333333333333,32.0
1.846923076923077,1.9489743589743591,85.83333333333333,32.0
1.846923076923077,2.0,85.83333333333333,32.0
1.897948717948718,0.01,100.0,0.0
1.897948717948718,0.06102564102564103,96.66666666666667,2.0
1.897948717948718,0.11205128205128205,95.83333333333334,2.0
1.897948717948718,0.1630769230769231,97.5,6.0
1.897948717948718,0.21410256410256412,97.5,2.0
1.897948717948718,0.2651282051282051,93.33333333333333,10.0
1.897948717948718,0.3161538461538462,95.83333333333334,6.0
1.897948717948718,0.36717948717948723,96.66666666666667,6.0
1.897948717948718,0.41820512820512823,94.16666666666667,12.0
1.897948717948718,0.46923076923076923,96.66666666666667,6.0
1.897948717948718,0.5202564102564102,94.16666666666667,12.0
1.897948717948718,0.5712820512820513,90.83333333333333,20.0
1.897948717948718,0.6223076923076923,86.66666666666667,28.0
1.897948717948718,0.6733333333333333,85.83333333333333,32.0
1.897948717948718,0.7243589743589745,96.66666666666667,6.0
1.897948717948718,0.7753846153846154,97.5,4.0
1.897948717948718,0.8264102564102564,86.66666666666667,26.0
1.897948717948718,0.8774358974358974,85.83333333333333,28.0
1.897948717948718,0.9284615384615384,85.83333333333333,30.0
1.897948717948718,0.9794871794871796,82.5,30.0
1.897948717948718,1.0305128205128204,76.66666666666667,36.0
1.897948717948718,1.0815384615384616,76.66666666666667,36.0
1.897948717948718,1.1325641025641027,78.33333333333333,36.0
1.897948717948718,1.1835897435897436,77.5,40.0
1.897948717948718,1.2346153846153847,80.0,34.0
1.897948717948718,1.2856410256410258,79.16666666666666,36.0
1.897948717948718,1.3366666666666667,78.33333333333333,38.0
1.897948717948718,1.3876923076923078,73.33333333333333,40.0
1.897948717948718,1.438717948717949,77.5,42.0
1.897948717948718,1.4897435897435898,82.5,34.0
1.897948717948718,1.540769230769231,85.83333333333333,32.0
1.897948717948718,1.5917948717948718,87.5,30.0
1.897948717948718,1.642820512820513,85.83333333333333,32.0
1.897948717948718,1.693846153846154,85.83333333333333,32.0
1.897948717948718,1.744871794871795,85.83333333333333,32.0
1.897948717948718,1.795897435897436,85.83333333333333,32.0
1.897948717948718,1.846923076923077,85.83333333333333,32.0
1.897948717948718,1.897948717948718,85.83333333333333,32.0
1.897948717948718,1.9489743589743591,85.83333333333333,32.0
1.897948717948718,2.0,85.83333333333333,32.0
1.9489743589743591,0.01,100.0,0.0
1.9489743589743591,0.06102564102564103,99.16666666666667,2.0
1.9489743589743591,0.11205128205128205,97.5,2.0
1.9489743589743591,0.1630769230769231,97.5,2.0
1.9489743589743591,0.21410256410256412,97.5,2.0
1.9489743589743591,0.2651282051282051,97.5,2.0
1.9489743589743591,0.3161538461538462,95.83333333333334,6.0
1.9489743589743591,0.36717948717948723,96.66666666666667,6.0
1.9489743589743591,0.41820512820512823,94.16666666666667,10.0
1.9489743589743591,0.46923076923076923,90.0,18.0
1.9489743589743591,0.5202564102564102,90.0,22.0
1.9489743589743591,0.5712820512820513,90.0,22.0
1.9489743589743591,0.6223076923076923,87.5,26.0
1.9489743589743591,0.6733333333333333,95.0,10.0
1.9489743589743591,0.7243589743589745,95.83333333333334,8.0
1.9489743589743591,0.7753846153846154,85.83333333333333,28.0
1.9489743589743591,0.8264102564102564,86.66666666666667,26.0
1.9489743589743591,0.8774358974358974,85.83333333333333,28.0
1.9489743589743591,0.9284615384615384,87.5,24.0
1.9489743589743591,0.9794871794871796,80.83333333333333,32.0
1.9489743589743591,1.0305128205128204,76.66666666666667,36.0
1.9489743589743591,1.0815384615384616,75.83333333333333,38.0
1.9489743589743591,1.1325641025641027,78.33333333333333,36.0
1.9489743589743591,1.1835897435897436,78.33333333333333,38.0
1.9489743589743591,1.2346153846153847,79.16666666666666,36.0
1.9489743589743591,1.2856410256410258,79.16666666666666,36.0
1.9489743589743591,1.3366666666666667,78.33333333333333,38.0
1.9489743589743591,1.3876923076923078,73.33333333333333,40.0
1.9489743589743591,1.438717948717949,77.5,42.0
1.9489743589743591,1.4897435897435898,82.5,34.0
1.9489743589743591,1.540769230769231,85.83333333333333,32.0
1.9489743589743591,1.5917948717948718,85.83333333333333,32.0
1.9489743589743591,1.642820512820513,85.83333333333333,32.0
1.9489743589743591,1.693846153846154,85.83333333333333,32.0
1.9489743589743591,1.744871794871795,85.83333333333333,32.0
1.9489743589743591,1.795897435897436,85.83333333333333,32.0
1.9489743589743591,1.846923076923077,85.83333333333333,32.0
1.9489743589743591,1.897948717948718,85.83333333333333,32.0
1.9489743589743591,1.9489743589743591,85.83333333333333,32.0
1.9489743589743591,2.0,85.83333333333333,32.0
2.0,0.01,100.0,0.0
2.0,0.06102564102564103,96.66666666666667,2.0
2.0,0.11205128205128205,95.0,2.0
2.0,0.1630769230769231,96.66666666666667,2.0
2.0,0.21410256410256412,98.33333333333333,2.0
2.0,0.2651282051282051,98.33333333333333,2.0
2.0,0.3161538461538462,97.5,2.0
2.0,0.36717948717948723,95.83333333333334,6.0
2.0,0.41820512820512823,94.16666666666667,10.0
2.0,0.46923076923076923,98.33333333333333,2.0
2.0,0.5202564102564102,88.33333333333333,24.0
2.0,0.5712820512820513,86.66666666666667,30.0
2.0,0.6223076923076923,85.83333333333333,30.0
2.0,0.6733333333333333,93.33333333333333,14.0
2.0,0.7243589743589745,85.83333333333333,30.0
2.0,0.7753846153846154,85.0,26.0
2.0,0.8264102564102564,85.0,26.0
2.0,0.8774358974358974,88.33333333333333,26.0
2.0,0.9284615384615384,85.83333333333333,30.0
2.0,0.9794871794871796,78.33333333333333,36.0
2.0,1.0305128205128204,76.66666666666667,36.0
2.0,1.0815384615384616,80.0,32.0
2.0,1.1325641025641027,82.5,28.0
2.0,1.1835897435897436,80.0,32.0
2.0,1.2346153846153847,80.83333333333333,32.0
2.0,1.2856410256410258,79.16666666666666,36.0
2.0,1.3366666666666667,76.66666666666667,36.0
2.0,1.3876923076923078,73.33333333333333,40.0
2.0,1.438717948717949,79.16666666666666,38.0
2.0,1.4897435897435898,82.5,34.0
2.0,1.540769230769231,85.83333333333333,32.0
2.0,1.5917948717948718,85.83333333333333,32.0
2.0,1.642820512820513,85.83333333333333,32.0
2.0,1.693846153846154,85.83333333333333,32.0
2.0,1.744871794871795,85.83333333333333,32.0
2.0,1.795897435897436,85.83333333333333,32.0
2.0,1.846923076923077,85.83333333333333,32.0
2.0,1.897948717948718,85.83333333333333,32.0
2.0,1.9489743589743591,85.83333333333333,32.0
2.0,2.0,85.83333333333333,32.0
